{
  "files": {
    "EVENTREE.DAT": {
      "size": 11610,
      "type": "text",
      "path": "EVENTREE.DAT",
      "data": null
    },
    "CAT7.idx": {
      "size": 202,
      "type": "unknown",
      "path": "CAT7.idx",
      "data": null
    },
    "GRAPHICS.BLK": {
      "size": 128,
      "type": "unknown",
      "path": "GRAPHICS.BLK",
      "data": null
    },
    "ESCAT.dat": {
      "size": 339,
      "type": "text",
      "path": "ESCAT.dat",
      "data": null
    },
    "SEQUENCE.BLK": {
      "size": 32320,
      "type": "unknown",
      "path": "SEQUENCE.BLK",
      "data": null
    },
    "SCHEMA.DFL": {
      "size": 219051,
      "type": "unknown",
      "path": "SCHEMA.DFL",
      "data": null
    },
    "CAT6.idx": {
      "size": 202,
      "type": "unknown",
      "path": "CAT6.idx",
      "data": null
    },
    "FAMILY.BLK": {
      "size": 1024,
      "type": "unknown",
      "path": "FAMILY.BLK",
      "data": null
    },
    "EVMODEL.dat": {
      "size": 761130,
      "type": "text",
      "path": "EVMODEL.dat",
      "data": null
    },
    "EVENTSET.blk": {
      "size": 128,
      "type": "unknown",
      "path": "EVENTSET.blk",
      "data": null
    },
    "CAT4.idx": {
      "size": 202,
      "type": "unknown",
      "path": "CAT4.idx",
      "data": null
    },
    "RESULTS.DAT": {
      "size": 194030,
      "type": "text",
      "path": "RESULTS.DAT",
      "data": null
    },
    "ENDSTATE.BLK": {
      "size": 128,
      "type": "unknown",
      "path": "ENDSTATE.BLK",
      "data": null
    },
    "REPORTS.DAT": {
      "size": 30,
      "type": "text",
      "path": "REPORTS.DAT",
      "data": null
    },
    "CATLABEL.dat": {
      "size": 30,
      "type": "text",
      "path": "CATLABEL.dat",
      "data": null
    },
    "CAT5.idx": {
      "size": 202,
      "type": "unknown",
      "path": "CAT5.idx",
      "data": null
    },
    "SYSTEM.IDX": {
      "size": 99236,
      "type": "unknown",
      "path": "SYSTEM.IDX",
      "data": null
    },
    "GATE.DAT": {
      "size": 413604,
      "type": "text",
      "path": "GATE.DAT",
      "data": null
    },
    "ENDSTATE.IDX": {
      "size": 12182,
      "type": "unknown",
      "path": "ENDSTATE.IDX",
      "data": null
    },
    "CAT1.idx": {
      "size": 202,
      "type": "unknown",
      "path": "CAT1.idx",
      "data": null
    },
    "EVTGROUP.dat": {
      "size": 709,
      "type": "text",
      "path": "EVTGROUP.dat",
      "data": null
    },
    "SYSTEM.BLK": {
      "size": 212992,
      "type": "unknown",
      "path": "SYSTEM.BLK",
      "data": null
    },
    "CAT2.idx": {
      "size": 202,
      "type": "unknown",
      "path": "CAT2.idx",
      "data": null
    },
    "EVATTR.IDX": {
      "size": 202,
      "type": "unknown",
      "path": "EVATTR.IDX",
      "data": null
    },
    "PDSMasks.idx": {
      "size": 236,
      "type": "unknown",
      "path": "PDSMasks.idx",
      "data": null
    },
    "RULES.dat": {
      "size": 110,
      "type": "text",
      "path": "RULES.dat",
      "data": null
    },
    "EVENTSET.idx": {
      "size": 236,
      "type": "unknown",
      "path": "EVENTSET.idx",
      "data": null
    },
    "FAM.DAT": {
      "size": 340,
      "type": "text",
      "path": "FAM.DAT",
      "data": null
    },
    "EVENT.DAT": {
      "size": 831005,
      "type": "text",
      "path": "EVENT.DAT",
      "data": null
    },
    "FAMILY.IDX": {
      "size": 4218,
      "type": "unknown",
      "path": "FAMILY.IDX",
      "data": null
    },
    "CAT3.idx": {
      "size": 202,
      "type": "unknown",
      "path": "CAT3.idx",
      "data": null
    },
    "SEQUENCE.IDX": {
      "size": 117592,
      "type": "unknown",
      "path": "SEQUENCE.IDX",
      "data": null
    },
    "GRAPHICS.IDX": {
      "size": 236,
      "type": "unknown",
      "path": "GRAPHICS.IDX",
      "data": null
    },
    "EVMODEL.idx": {
      "size": 54112,
      "type": "unknown",
      "path": "EVMODEL.idx",
      "data": null
    },
    "CAT6.dat": {
      "size": 30,
      "type": "text",
      "path": "CAT6.dat",
      "data": null
    },
    "EVENT.BLK": {
      "size": 653568,
      "type": "unknown",
      "path": "EVENT.BLK",
      "data": null
    },
    "ESCAT.idx": {
      "size": 202,
      "type": "unknown",
      "path": "ESCAT.idx",
      "data": null
    },
    "CAT7.dat": {
      "size": 30,
      "type": "text",
      "path": "CAT7.dat",
      "data": null
    },
    "RULES.blk": {
      "size": 7808,
      "type": "unknown",
      "path": "RULES.blk",
      "data": null
    },
    "EVENTREE.IDX": {
      "size": 12519,
      "type": "unknown",
      "path": "EVENTREE.IDX",
      "data": null
    },
    "HTGR_PRA.SRA": {
      "size": 0,
      "type": "unknown",
      "path": "HTGR_PRA.SRA",
      "data": null
    },
    "GATE.IDX": {
      "size": 135264,
      "type": "unknown",
      "path": "GATE.IDX",
      "data": null
    },
    "SYSTEM.DAT": {
      "size": 166290,
      "type": "text",
      "path": "SYSTEM.DAT",
      "data": null
    },
    "CAT5.dat": {
      "size": 30,
      "type": "text",
      "path": "CAT5.dat",
      "data": null
    },
    "CATLABEL.idx": {
      "size": 236,
      "type": "unknown",
      "path": "CATLABEL.idx",
      "data": null
    },
    "REPORTS.IDX": {
      "size": 236,
      "type": "unknown",
      "path": "REPORTS.IDX",
      "data": null
    },
    "RESULTS.IDX": {
      "size": 141994,
      "type": "unknown",
      "path": "RESULTS.IDX",
      "data": null
    },
    "CAT4.dat": {
      "size": 30,
      "type": "text",
      "path": "CAT4.dat",
      "data": null
    },
    "EVTGROUP.idx": {
      "size": 4199,
      "type": "unknown",
      "path": "EVTGROUP.idx",
      "data": null
    },
    "CAT1.dat": {
      "size": 30,
      "type": "text",
      "path": "CAT1.dat",
      "data": null
    },
    "RESULTS.BLK": {
      "size": 16077440,
      "type": "unknown",
      "path": "RESULTS.BLK",
      "data": null
    },
    "REPORTS.BLK": {
      "size": 128,
      "type": "unknown",
      "path": "REPORTS.BLK",
      "data": null
    },
    "ENDSTATE.DAT": {
      "size": 20359,
      "type": "text",
      "path": "ENDSTATE.DAT",
      "data": null
    },
    "GRAPHICS.DAT": {
      "size": 30,
      "type": "text",
      "path": "GRAPHICS.DAT",
      "data": null
    },
    "SEQUENCE.DAT": {
      "size": 191802,
      "type": "text",
      "path": "SEQUENCE.DAT",
      "data": null
    },
    "CAT3.dat": {
      "size": 30,
      "type": "text",
      "path": "CAT3.dat",
      "data": null
    },
    "FAMILY.DAT": {
      "size": 2483,
      "type": "text",
      "path": "FAMILY.DAT",
      "data": null
    },
    "EVENT.IDX": {
      "size": 923996,
      "type": "unknown",
      "path": "EVENT.IDX",
      "data": null
    },
    "EVMODEL.blk": {
      "size": 429824,
      "type": "unknown",
      "path": "EVMODEL.blk",
      "data": null
    },
    "EVENTSET.dat": {
      "size": 347,
      "type": "text",
      "path": "EVENTSET.dat",
      "data": null
    },
    "RULES.idx": {
      "size": 583,
      "type": "unknown",
      "path": "RULES.idx",
      "data": null
    },
    "PDSMasks.dat": {
      "size": 200,
      "type": "text",
      "path": "PDSMasks.dat",
      "data": null
    },
    "EVENTREE.BLK": {
      "size": 2924288,
      "type": "unknown",
      "path": "EVENTREE.BLK",
      "data": null
    },
    "EVATTR.DAT": {
      "size": 30,
      "type": "text",
      "path": "EVATTR.DAT",
      "data": null
    },
    "CAT2.dat": {
      "size": 30,
      "type": "text",
      "path": "CAT2.dat",
      "data": null
    },
    "SLICERUL.DAT": {
      "size": 30,
      "type": "text",
      "path": "SLICERUL.DAT",
      "data": null
    },
    "sensitiv.idx": {
      "size": 236,
      "type": "unknown",
      "path": "sensitiv.idx",
      "data": null
    },
    "ANALYSIS.BLK": {
      "size": 512,
      "type": "unknown",
      "path": "ANALYSIS.BLK",
      "data": null
    },
    "HISTGRAM.IDX": {
      "size": 304,
      "type": "unknown",
      "path": "HISTGRAM.IDX",
      "data": null
    },
    "SLICE.DAT": {
      "size": 30,
      "type": "text",
      "path": "SLICE.DAT",
      "data": null
    },
    "CAT9.dat": {
      "size": 30,
      "type": "text",
      "path": "CAT9.dat",
      "data": null
    },
    "ANALYSIS.IDX": {
      "size": 4395,
      "type": "unknown",
      "path": "ANALYSIS.IDX",
      "data": null
    },
    "USERINFO.DAT": {
      "size": 1646,
      "type": "text",
      "path": "USERINFO.DAT",
      "data": null
    },
    "CATCNG.idx": {
      "size": 338,
      "type": "unknown",
      "path": "CATCNG.idx",
      "data": null
    },
    "CAT8.dat": {
      "size": 30,
      "type": "text",
      "path": "CAT8.dat",
      "data": null
    },
    "PDSGroup.idx": {
      "size": 236,
      "type": "unknown",
      "path": "PDSGroup.idx",
      "data": null
    },
    "OBJPARM.dat": {
      "size": 22575,
      "type": "text",
      "path": "OBJPARM.dat",
      "data": null
    },
    "sensitiv.blk": {
      "size": 128,
      "type": "unknown",
      "path": "sensitiv.blk",
      "data": null
    },
    "EVCAT.idx": {
      "size": 542,
      "type": "unknown",
      "path": "EVCAT.idx",
      "data": null
    },
    "EVENTCNG.DAT": {
      "size": 30,
      "type": "text",
      "path": "EVENTCNG.DAT",
      "data": null
    },
    "Phase.idx": {
      "size": 4591,
      "type": "unknown",
      "path": "Phase.idx",
      "data": null
    },
    "EVENTCNG.BLK": {
      "size": 128,
      "type": "unknown",
      "path": "EVENTCNG.BLK",
      "data": null
    },
    "sensitiv.dat": {
      "size": 799,
      "type": "text",
      "path": "sensitiv.dat",
      "data": null
    },
    "SLICERUL.IDX": {
      "size": 236,
      "type": "unknown",
      "path": "SLICERUL.IDX",
      "data": null
    },
    "USERINFO.BLK": {
      "size": 4480,
      "type": "unknown",
      "path": "USERINFO.BLK",
      "data": null
    },
    "HISTGRAM.DAT": {
      "size": 30,
      "type": "text",
      "path": "HISTGRAM.DAT",
      "data": null
    },
    "SLICE.BLK": {
      "size": 128,
      "type": "unknown",
      "path": "SLICE.BLK",
      "data": null
    },
    "current-0-0.dat": {
      "size": 1324368,
      "type": "text",
      "path": "current-0-0.dat",
      "data": null
    },
    "OBJPARM.idx": {
      "size": 23352,
      "type": "unknown",
      "path": "OBJPARM.idx",
      "data": null
    },
    "PDSGroup.dat": {
      "size": 677,
      "type": "text",
      "path": "PDSGroup.dat",
      "data": null
    },
    "CAT8.idx": {
      "size": 202,
      "type": "unknown",
      "path": "CAT8.idx",
      "data": null
    },
    "CATCNG.dat": {
      "size": 30,
      "type": "text",
      "path": "CATCNG.dat",
      "data": null
    },
    "ANALYSIS.DAT": {
      "size": 722,
      "type": "text",
      "path": "ANALYSIS.DAT",
      "data": null
    },
    "CAT9.idx": {
      "size": 202,
      "type": "unknown",
      "path": "CAT9.idx",
      "data": null
    },
    "SLICE.IDX": {
      "size": 236,
      "type": "unknown",
      "path": "SLICE.IDX",
      "data": null
    },
    "Phase.dat": {
      "size": 761,
      "type": "text",
      "path": "Phase.dat",
      "data": null
    },
    "EVENTCNG.IDX": {
      "size": 474,
      "type": "unknown",
      "path": "EVENTCNG.IDX",
      "data": null
    },
    "EVCAT.dat": {
      "size": 30,
      "type": "text",
      "path": "EVCAT.dat",
      "data": null
    },
    "SLICERUL.BLK": {
      "size": 128,
      "type": "unknown",
      "path": "SLICERUL.BLK",
      "data": null
    },
    "INIs/GenerateEVsSettings.ini": {
      "size": 103,
      "type": "unknown",
      "path": "INIs/GenerateEVsSettings.ini",
      "data": null
    },
    "INIs/GenAnalSettings.ini": {
      "size": 589,
      "type": "unknown",
      "path": "INIs/GenAnalSettings.ini",
      "data": null
    },
    "INIs/RASPCCFSettings.ini": {
      "size": 34,
      "type": "unknown",
      "path": "INIs/RASPCCFSettings.ini",
      "data": null
    },
    "INIs/ProjModels.ini": {
      "size": 18,
      "type": "unknown",
      "path": "INIs/ProjModels.ini",
      "data": null
    },
    "INIs/RecentActsIniName.ini": {
      "size": 312873,
      "type": "unknown",
      "path": "INIs/RecentActsIniName.ini",
      "data": null
    },
    "INIs/ProjMacros.ini": {
      "size": 45,
      "type": "unknown",
      "path": "INIs/ProjMacros.ini",
      "data": null
    },
    "Shared/Diagrams/diagrams.xml": {
      "size": 242,
      "type": "xml",
      "path": "Shared/Diagrams/diagrams.xml",
      "data": {
        "root": "XML parsing not implemented"
      }
    },
    "Mard/HTGR_PRA.MARD": {
      "size": 28,
      "type": "unknown",
      "path": "Mard/HTGR_PRA.MARD",
      "data": null
    },
    "Mard/HTGR_PRA_Subs/HTGR_PRA.ETL": {
      "size": 7963,
      "type": "unknown",
      "path": "Mard/HTGR_PRA_Subs/HTGR_PRA.ETL",
      "data": null
    },
    "publish/Sequence Results Compare  (2024_08_01_09_13_59).html": {
      "size": 13930,
      "type": "unknown",
      "path": "publish/Sequence Results Compare  (2024_08_01_09_13_59).html",
      "data": null
    },
    "publish/Sequence Results Compare  (2024_07_22_07_02_35).html": {
      "size": 5511,
      "type": "unknown",
      "path": "publish/Sequence Results Compare  (2024_07_22_07_02_35).html",
      "data": null
    },
    "publish/Sequence Results Compare  (2024_07_30_14_12_08).html": {
      "size": 18419,
      "type": "unknown",
      "path": "publish/Sequence Results Compare  (2024_07_30_14_12_08).html",
      "data": null
    },
    "publish/Sequence Results Compare  (2024_07_30_09_33_31).html": {
      "size": 14247,
      "type": "unknown",
      "path": "publish/Sequence Results Compare  (2024_07_30_09_33_31).html",
      "data": null
    },
    "publish/Sequence Results Compare  (2024_07_23_13_35_50).html": {
      "size": 14183,
      "type": "unknown",
      "path": "publish/Sequence Results Compare  (2024_07_23_13_35_50).html",
      "data": null
    },
    "publish/Sequence Results Compare  (2024_07_29_12_30_33).html": {
      "size": 14250,
      "type": "unknown",
      "path": "publish/Sequence Results Compare  (2024_07_29_12_30_33).html",
      "data": null
    },
    "publish/Basic Event Listing  (2024_06_10_09_00_39).html": {
      "size": 77789,
      "type": "unknown",
      "path": "publish/Basic Event Listing  (2024_06_10_09_00_39).html",
      "data": null
    },
    "publish/Sequence Results Compare  (2024_07_15_08_55_30).html": {
      "size": 8113,
      "type": "unknown",
      "path": "publish/Sequence Results Compare  (2024_07_15_08_55_30).html",
      "data": null
    },
    "publish/Sequence Results Compare  (2024_07_29_13_50_21).html": {
      "size": 14267,
      "type": "unknown",
      "path": "publish/Sequence Results Compare  (2024_07_29_13_50_21).html",
      "data": null
    },
    "publish/Sequence Results Compare  (2024_06_24_09_11_54).html": {
      "size": 6908,
      "type": "unknown",
      "path": "publish/Sequence Results Compare  (2024_06_24_09_11_54).html",
      "data": null
    },
    "publish/Preview.html": {
      "size": 4511,
      "type": "unknown",
      "path": "publish/Preview.html",
      "data": null
    },
    "publish/Basic Event Description  (2024_06_10_12_56_33).html": {
      "size": 38553,
      "type": "unknown",
      "path": "publish/Basic Event Description  (2024_06_10_12_56_33).html",
      "data": null
    },
    "publish/Event Template  (2024_09_10_10_47_51).html": {
      "size": 96652,
      "type": "unknown",
      "path": "publish/Event Template  (2024_09_10_10_47_51).html",
      "data": null
    },
    "publish/Sequence Results Compare  (2024_07_25_16_55_56).html": {
      "size": 6922,
      "type": "unknown",
      "path": "publish/Sequence Results Compare  (2024_07_25_16_55_56).html",
      "data": null
    },
    "publish/Sequence Results Compare  (2024_07_29_16_58_31).html": {
      "size": 14247,
      "type": "unknown",
      "path": "publish/Sequence Results Compare  (2024_07_29_16_58_31).html",
      "data": null
    },
    "publish/Sequence Results Compare  (2024_07_25_16_47_22).html": {
      "size": 14249,
      "type": "unknown",
      "path": "publish/Sequence Results Compare  (2024_07_25_16_47_22).html",
      "data": null
    },
    "publish/Sequence Results Compare  (2024_07_29_15_08_59).html": {
      "size": 14251,
      "type": "unknown",
      "path": "publish/Sequence Results Compare  (2024_07_29_15_08_59).html",
      "data": null
    },
    "publish/Basic Event Combination Listing 2 (Nominal)  (2024_07_08_09_32_49).html": {
      "size": 42191,
      "type": "unknown",
      "path": "publish/Basic Event Combination Listing 2 (Nominal)  (2024_07_08_09_32_49).html",
      "data": null
    },
    "publish/Sequence Results Compare  (2024_07_29_11_48_46).html": {
      "size": 14250,
      "type": "unknown",
      "path": "publish/Sequence Results Compare  (2024_07_29_11_48_46).html",
      "data": null
    },
    "publish/Sequence Results Compare  (2024_07_19_14_18_24).html": {
      "size": 14321,
      "type": "unknown",
      "path": "publish/Sequence Results Compare  (2024_07_19_14_18_24).html",
      "data": null
    },
    "publish/Sequence Results Compare  (2024_07_29_16_54_32).html": {
      "size": 14243,
      "type": "unknown",
      "path": "publish/Sequence Results Compare  (2024_07_29_16_54_32).html",
      "data": null
    },
    "publish/Sequence Results Compare  (2024_07_15_07_41_46).html": {
      "size": 6976,
      "type": "unknown",
      "path": "publish/Sequence Results Compare  (2024_07_15_07_41_46).html",
      "data": null
    },
    "publish/Sequence Results Compare  (2024_08_01_12_14_37).html": {
      "size": 18130,
      "type": "unknown",
      "path": "publish/Sequence Results Compare  (2024_08_01_12_14_37).html",
      "data": null
    },
    "publish/Sequence Results Compare  (2024_06_21_14_30_30).html": {
      "size": 7612,
      "type": "unknown",
      "path": "publish/Sequence Results Compare  (2024_06_21_14_30_30).html",
      "data": null
    },
    "publish/Sequence Results Compare  (2024_07_23_14_15_51).html": {
      "size": 6922,
      "type": "unknown",
      "path": "publish/Sequence Results Compare  (2024_07_23_14_15_51).html",
      "data": null
    },
    "publish/Sequence Results Compare  (2024_07_29_15_00_28).html": {
      "size": 14275,
      "type": "unknown",
      "path": "publish/Sequence Results Compare  (2024_07_29_15_00_28).html",
      "data": null
    },
    "publish/Sequence Results Compare  (2024_06_24_08_39_59).html": {
      "size": 13625,
      "type": "unknown",
      "path": "publish/Sequence Results Compare  (2024_06_24_08_39_59).html",
      "data": null
    },
    "publish/Sequence Results Compare  (2024_07_30_09_26_27).html": {
      "size": 14247,
      "type": "unknown",
      "path": "publish/Sequence Results Compare  (2024_07_30_09_26_27).html",
      "data": null
    },
    "publish/Sequence Results Compare  (2024_07_15_10_12_54).html": {
      "size": 19151,
      "type": "unknown",
      "path": "publish/Sequence Results Compare  (2024_07_15_10_12_54).html",
      "data": null
    },
    "publish/Sequence Results Compare  (2024_07_30_14_12_28).html": {
      "size": 13931,
      "type": "unknown",
      "path": "publish/Sequence Results Compare  (2024_07_30_14_12_28).html",
      "data": null
    },
    "publish/Sequence Results Compare  (2024_07_10_11_46_41).html": {
      "size": 5442,
      "type": "unknown",
      "path": "publish/Sequence Results Compare  (2024_07_10_11_46_41).html",
      "data": null
    },
    "publish/Sequence Results Compare  (2024_07_29_16_34_36).html": {
      "size": 14239,
      "type": "unknown",
      "path": "publish/Sequence Results Compare  (2024_07_29_16_34_36).html",
      "data": null
    },
    "publish/BE_Report_.HTML": {
      "size": 8731,
      "type": "unknown",
      "path": "publish/BE_Report_.HTML",
      "data": null
    },
    "publish/Sequence Results Compare  (2024_07_15_07_34_52).html": {
      "size": 6976,
      "type": "unknown",
      "path": "publish/Sequence Results Compare  (2024_07_15_07_34_52).html",
      "data": null
    },
    "publish/Sequence Results Compare  (2024_07_12_07_25_53).html": {
      "size": 14326,
      "type": "unknown",
      "path": "publish/Sequence Results Compare  (2024_07_12_07_25_53).html",
      "data": null
    },
    "publish/Sequence Results Compare  (2024_06_24_09_16_57).html": {
      "size": 5534,
      "type": "unknown",
      "path": "publish/Sequence Results Compare  (2024_06_24_09_16_57).html",
      "data": null
    },
    "publish/Sequence Results Compare  (2024_06_21_14_34_05).html": {
      "size": 14131,
      "type": "unknown",
      "path": "publish/Sequence Results Compare  (2024_06_21_14_34_05).html",
      "data": null
    },
    "publish/Sequence Results Compare  (2024_07_29_11_58_22).html": {
      "size": 14250,
      "type": "unknown",
      "path": "publish/Sequence Results Compare  (2024_07_29_11_58_22).html",
      "data": null
    },
    "publish/Sequence Results Compare  (2024_07_30_16_53_55).html": {
      "size": 18142,
      "type": "unknown",
      "path": "publish/Sequence Results Compare  (2024_07_30_16_53_55).html",
      "data": null
    },
    "publish/Sequence Results Compare  (2024_07_12_10_51_51).html": {
      "size": 18765,
      "type": "unknown",
      "path": "publish/Sequence Results Compare  (2024_07_12_10_51_51).html",
      "data": null
    },
    "publish/Sequence Results Compare  (2024_07_23_14_14_54).html": {
      "size": 7801,
      "type": "unknown",
      "path": "publish/Sequence Results Compare  (2024_07_23_14_14_54).html",
      "data": null
    },
    "publish/Sequence Results Compare  (2024_07_29_15_42_36).html": {
      "size": 14251,
      "type": "unknown",
      "path": "publish/Sequence Results Compare  (2024_07_29_15_42_36).html",
      "data": null
    },
    "publish/Fault Tree Logic  (2024_06_24_10_28_27).html": {
      "size": 4625,
      "type": "unknown",
      "path": "publish/Fault Tree Logic  (2024_06_24_10_28_27).html",
      "data": null
    },
    "publish/Sequence Results Compare  (2024_07_10_11_48_10).html": {
      "size": 13782,
      "type": "unknown",
      "path": "publish/Sequence Results Compare  (2024_07_10_11_48_10).html",
      "data": null
    },
    "publish/Sequence Results Compare  (2024_07_29_15_27_21).html": {
      "size": 14311,
      "type": "unknown",
      "path": "publish/Sequence Results Compare  (2024_07_29_15_27_21).html",
      "data": null
    },
    "publish/Sequence Results Compare  (2024_07_29_16_10_12).html": {
      "size": 14239,
      "type": "unknown",
      "path": "publish/Sequence Results Compare  (2024_07_29_16_10_12).html",
      "data": null
    },
    "publish/Sequence Results Compare  (2024_07_10_11_47_40).html": {
      "size": 5525,
      "type": "unknown",
      "path": "publish/Sequence Results Compare  (2024_07_10_11_47_40).html",
      "data": null
    },
    "publish/Sequence Results Compare  (2024_07_23_13_31_27).html": {
      "size": 14201,
      "type": "unknown",
      "path": "publish/Sequence Results Compare  (2024_07_23_13_31_27).html",
      "data": null
    },
    "publish/Sequence Results Compare  (2024_07_29_12_36_52).html": {
      "size": 14250,
      "type": "unknown",
      "path": "publish/Sequence Results Compare  (2024_07_29_12_36_52).html",
      "data": null
    },
    "publish/Sequence Results Compare  (2024_07_25_16_04_46).html": {
      "size": 14241,
      "type": "unknown",
      "path": "publish/Sequence Results Compare  (2024_07_25_16_04_46).html",
      "data": null
    },
    "publish/Sequence Results Compare  (2024_07_15_09_28_38).html": {
      "size": 5753,
      "type": "unknown",
      "path": "publish/Sequence Results Compare  (2024_07_15_09_28_38).html",
      "data": null
    },
    "publish/Sequence Results Compare  (2024_07_29_16_38_14).html": {
      "size": 14243,
      "type": "unknown",
      "path": "publish/Sequence Results Compare  (2024_07_29_16_38_14).html",
      "data": null
    },
    "publish/Sequence Results Compare  (2024_07_29_12_38_22).html": {
      "size": 14250,
      "type": "unknown",
      "path": "publish/Sequence Results Compare  (2024_07_29_12_38_22).html",
      "data": null
    },
    "publish/Sequence Results Compare  (2024_07_10_15_55_47).html": {
      "size": 14177,
      "type": "unknown",
      "path": "publish/Sequence Results Compare  (2024_07_10_15_55_47).html",
      "data": null
    },
    "publish/Sequence Results Compare  (2024_07_23_08_12_36).html": {
      "size": 14325,
      "type": "unknown",
      "path": "publish/Sequence Results Compare  (2024_07_23_08_12_36).html",
      "data": null
    },
    "publish/Sequence Results Compare  (2024_07_23_14_15_33).html": {
      "size": 5409,
      "type": "unknown",
      "path": "publish/Sequence Results Compare  (2024_07_23_14_15_33).html",
      "data": null
    },
    "publish/Sequence Results Compare  (2024_07_29_16_03_59).html": {
      "size": 14239,
      "type": "unknown",
      "path": "publish/Sequence Results Compare  (2024_07_29_16_03_59).html",
      "data": null
    },
    "publish/Sequence Results Compare  (2024_06_26_13_51_41).html": {
      "size": 13880,
      "type": "unknown",
      "path": "publish/Sequence Results Compare  (2024_06_26_13_51_41).html",
      "data": null
    },
    "publish/Sequence Results Compare  (2024_07_29_15_53_49).html": {
      "size": 14243,
      "type": "unknown",
      "path": "publish/Sequence Results Compare  (2024_07_29_15_53_49).html",
      "data": null
    },
    "publish/Sequence Results Compare  (2024_07_10_11_46_07).html": {
      "size": 7666,
      "type": "unknown",
      "path": "publish/Sequence Results Compare  (2024_07_10_11_46_07).html",
      "data": null
    },
    "publish/Sequence Results Compare  (2024_07_29_14_06_23).html": {
      "size": 14251,
      "type": "unknown",
      "path": "publish/Sequence Results Compare  (2024_07_29_14_06_23).html",
      "data": null
    },
    "publish/Sequence Results Compare  (2024_08_01_12_14_57).html": {
      "size": 13971,
      "type": "unknown",
      "path": "publish/Sequence Results Compare  (2024_08_01_12_14_57).html",
      "data": null
    },
    "publish/Sequence Results Compare  (2024_07_10_11_48_32).html": {
      "size": 18626,
      "type": "unknown",
      "path": "publish/Sequence Results Compare  (2024_07_10_11_48_32).html",
      "data": null
    },
    "publish/Sequence Results Compare  (2024_06_24_09_24_16).html": {
      "size": 5538,
      "type": "unknown",
      "path": "publish/Sequence Results Compare  (2024_06_24_09_24_16).html",
      "data": null
    },
    "publish/Sequence Results Compare  (2024_06_21_14_33_03).html": {
      "size": 13515,
      "type": "unknown",
      "path": "publish/Sequence Results Compare  (2024_06_21_14_33_03).html",
      "data": null
    },
    "publish/Fault Tree Logic  (2024_06_11_08_53_29).html": {
      "size": 42015,
      "type": "unknown",
      "path": "publish/Fault Tree Logic  (2024_06_11_08_53_29).html",
      "data": null
    },
    "publish/Sequence Results Compare  (2024_07_15_09_46_05).html": {
      "size": 14315,
      "type": "unknown",
      "path": "publish/Sequence Results Compare  (2024_07_15_09_46_05).html",
      "data": null
    },
    "publish/Sequence Results Compare  (2024_07_22_08_49_48).html": {
      "size": 5509,
      "type": "unknown",
      "path": "publish/Sequence Results Compare  (2024_07_22_08_49_48).html",
      "data": null
    },
    "publish/Sequence Results Compare  (2024_07_29_12_19_03).html": {
      "size": 14250,
      "type": "unknown",
      "path": "publish/Sequence Results Compare  (2024_07_29_12_19_03).html",
      "data": null
    },
    "publish/Sequence Results Compare  (2024_07_23_08_54_51).html": {
      "size": 14353,
      "type": "unknown",
      "path": "publish/Sequence Results Compare  (2024_07_23_08_54_51).html",
      "data": null
    },
    "publish/Basic Event Description  (2024_06_17_12_42_15).html": {
      "size": 34506,
      "type": "unknown",
      "path": "publish/Basic Event Description  (2024_06_17_12_42_15).html",
      "data": null
    },
    "publish/Sequence Results Compare  (2024_07_23_14_16_32).html": {
      "size": 14201,
      "type": "unknown",
      "path": "publish/Sequence Results Compare  (2024_07_23_14_16_32).html",
      "data": null
    },
    "publish/Sequence Results Compare  (2024_06_25_15_35_41).html": {
      "size": 13655,
      "type": "unknown",
      "path": "publish/Sequence Results Compare  (2024_06_25_15_35_41).html",
      "data": null
    },
    "publish/Sequence Results Compare  (2024_07_22_08_40_00).html": {
      "size": 14327,
      "type": "unknown",
      "path": "publish/Sequence Results Compare  (2024_07_22_08_40_00).html",
      "data": null
    },
    "publish/Cut Sets (by Event Tree)  (2024_06_21_14_08_25).html": {
      "size": 4599,
      "type": "unknown",
      "path": "publish/Cut Sets (by Event Tree)  (2024_06_21_14_08_25).html",
      "data": null
    },
    "publish/Sequence Results Compare  (2024_07_29_15_39_04).html": {
      "size": 14311,
      "type": "unknown",
      "path": "publish/Sequence Results Compare  (2024_07_29_15_39_04).html",
      "data": null
    },
    "publish/Sequence Results Compare  (2024_07_30_12_07_09).html": {
      "size": 7580,
      "type": "unknown",
      "path": "publish/Sequence Results Compare  (2024_07_30_12_07_09).html",
      "data": null
    },
    "publish/Sequence Results Compare  (2024_07_29_15_17_38).html": {
      "size": 14251,
      "type": "unknown",
      "path": "publish/Sequence Results Compare  (2024_07_29_15_17_38).html",
      "data": null
    },
    "publish/Sequence Results Compare  (2024_07_16_17_17_02).html": {
      "size": 13874,
      "type": "unknown",
      "path": "publish/Sequence Results Compare  (2024_07_16_17_17_02).html",
      "data": null
    },
    "publish/Sequence Results Compare  (2024_07_15_07_56_13).html": {
      "size": 7016,
      "type": "unknown",
      "path": "publish/Sequence Results Compare  (2024_07_15_07_56_13).html",
      "data": null
    },
    "publish/Basic Event Description  (2024_06_11_08_37_39).html": {
      "size": 33791,
      "type": "unknown",
      "path": "publish/Basic Event Description  (2024_06_11_08_37_39).html",
      "data": null
    },
    "publish/Sequence Results Compare  (2024_06_26_13_32_07).html": {
      "size": 7702,
      "type": "unknown",
      "path": "publish/Sequence Results Compare  (2024_06_26_13_32_07).html",
      "data": null
    },
    "publish/Sequence Results Compare  (2024_07_29_16_49_24).html": {
      "size": 14243,
      "type": "unknown",
      "path": "publish/Sequence Results Compare  (2024_07_29_16_49_24).html",
      "data": null
    },
    "publish/Sequence Results Compare  (2024_07_29_15_34_38).html": {
      "size": 14335,
      "type": "unknown",
      "path": "publish/Sequence Results Compare  (2024_07_29_15_34_38).html",
      "data": null
    },
    "publish/Sequence Results Compare  (2024_07_10_11_48_59).html": {
      "size": 14033,
      "type": "unknown",
      "path": "publish/Sequence Results Compare  (2024_07_10_11_48_59).html",
      "data": null
    },
    "publish/Sequence Results Compare  (2024_07_25_16_52_19).html": {
      "size": 7752,
      "type": "unknown",
      "path": "publish/Sequence Results Compare  (2024_07_25_16_52_19).html",
      "data": null
    },
    "publish/Sequence Results Compare  (2024_07_15_07_17_27).html": {
      "size": 14386,
      "type": "unknown",
      "path": "publish/Sequence Results Compare  (2024_07_15_07_17_27).html",
      "data": null
    },
    "publish/Sequence Results Compare  (2024_07_30_12_07_32).html": {
      "size": 6725,
      "type": "unknown",
      "path": "publish/Sequence Results Compare  (2024_07_30_12_07_32).html",
      "data": null
    },
    "publish/Sequence Results Compare  (2024_06_21_14_31_20).html": {
      "size": 5417,
      "type": "unknown",
      "path": "publish/Sequence Results Compare  (2024_06_21_14_31_20).html",
      "data": null
    },
    "publish/Sequence Results Compare  (2024_07_29_12_23_14).html": {
      "size": 14250,
      "type": "unknown",
      "path": "publish/Sequence Results Compare  (2024_07_29_12_23_14).html",
      "data": null
    },
    "publish/Sequence Results Compare  (2024_07_10_17_24_05).html": {
      "size": 14162,
      "type": "unknown",
      "path": "publish/Sequence Results Compare  (2024_07_10_17_24_05).html",
      "data": null
    },
    "publish/Sequence Results Compare  (2024_07_29_12_14_24).html": {
      "size": 14250,
      "type": "unknown",
      "path": "publish/Sequence Results Compare  (2024_07_29_12_14_24).html",
      "data": null
    },
    "publish/Sequence Results Compare  (2024_07_29_12_26_42).html": {
      "size": 14250,
      "type": "unknown",
      "path": "publish/Sequence Results Compare  (2024_07_29_12_26_42).html",
      "data": null
    },
    "publish/Sequence Results Compare  (2024_07_24_16_28_18).html": {
      "size": 7752,
      "type": "unknown",
      "path": "publish/Sequence Results Compare  (2024_07_24_16_28_18).html",
      "data": null
    },
    "publish/Sequence Results Compare  (2024_08_01_09_13_37).html": {
      "size": 18129,
      "type": "unknown",
      "path": "publish/Sequence Results Compare  (2024_08_01_09_13_37).html",
      "data": null
    },
    "publish/Sequence Results Compare  (2024_07_15_08_23_26).html": {
      "size": 5620,
      "type": "unknown",
      "path": "publish/Sequence Results Compare  (2024_07_15_08_23_26).html",
      "data": null
    },
    "publish/Sequence Results Compare  (2024_07_29_15_47_14).html": {
      "size": 14251,
      "type": "unknown",
      "path": "publish/Sequence Results Compare  (2024_07_29_15_47_14).html",
      "data": null
    },
    "publish/Sequence Results Compare  (2024_07_19_14_52_18).html": {
      "size": 14327,
      "type": "unknown",
      "path": "publish/Sequence Results Compare  (2024_07_19_14_52_18).html",
      "data": null
    },
    "publish/Sequence Results Compare  (2024_07_10_16_25_51).html": {
      "size": 14162,
      "type": "unknown",
      "path": "publish/Sequence Results Compare  (2024_07_10_16_25_51).html",
      "data": null
    },
    "publish/Sequence Results Compare  (2024_07_02_14_31_33).html": {
      "size": 13790,
      "type": "unknown",
      "path": "publish/Sequence Results Compare  (2024_07_02_14_31_33).html",
      "data": null
    },
    "publish/Event Template  (2024_09_10_10_43_29).html": {
      "size": 96652,
      "type": "unknown",
      "path": "publish/Event Template  (2024_09_10_10_43_29).html",
      "data": null
    },
    "publish/Sequence Results Compare  (2024_06_21_14_16_29).html": {
      "size": 13573,
      "type": "unknown",
      "path": "publish/Sequence Results Compare  (2024_06_21_14_16_29).html",
      "data": null
    },
    "publish/Sequence Results Compare  (2024_07_25_16_23_00).html": {
      "size": 14249,
      "type": "unknown",
      "path": "publish/Sequence Results Compare  (2024_07_25_16_23_00).html",
      "data": null
    },
    "publish/Sequence Results Compare  (2024_07_22_07_05_38).html": {
      "size": 6928,
      "type": "unknown",
      "path": "publish/Sequence Results Compare  (2024_07_22_07_05_38).html",
      "data": null
    },
    "publish/Sequence Results Compare  (2024_07_29_13_53_19).html": {
      "size": 14251,
      "type": "unknown",
      "path": "publish/Sequence Results Compare  (2024_07_29_13_53_19).html",
      "data": null
    },
    "publish/Sequence Results Compare  (2024_06_24_11_02_21).html": {
      "size": 5452,
      "type": "unknown",
      "path": "publish/Sequence Results Compare  (2024_06_24_11_02_21).html",
      "data": null
    },
    "publish/Sequence Results Compare  (2024_07_19_14_59_27).html": {
      "size": 14327,
      "type": "unknown",
      "path": "publish/Sequence Results Compare  (2024_07_19_14_59_27).html",
      "data": null
    },
    "publish/Sequence Results Compare  (2024_07_23_14_16_50).html": {
      "size": 18399,
      "type": "unknown",
      "path": "publish/Sequence Results Compare  (2024_07_23_14_16_50).html",
      "data": null
    },
    "publish/Sequence Results Compare  (2024_07_15_08_14_11).html": {
      "size": 5612,
      "type": "unknown",
      "path": "publish/Sequence Results Compare  (2024_07_15_08_14_11).html",
      "data": null
    },
    "publish/Sequence Results Compare  (2024_07_30_12_14_41).html": {
      "size": 13932,
      "type": "unknown",
      "path": "publish/Sequence Results Compare  (2024_07_30_12_14_41).html",
      "data": null
    },
    "publish/Sequence Results Compare  (2024_06_21_14_33_33).html": {
      "size": 18519,
      "type": "unknown",
      "path": "publish/Sequence Results Compare  (2024_06_21_14_33_33).html",
      "data": null
    },
    "publish/Basic Event Listing  (2024_06_10_08_54_38).html": {
      "size": 3923,
      "type": "unknown",
      "path": "publish/Basic Event Listing  (2024_06_10_08_54_38).html",
      "data": null
    },
    "publish/Sequence Results Compare  (2024_07_02_14_27_56).html": {
      "size": 7666,
      "type": "unknown",
      "path": "publish/Sequence Results Compare  (2024_07_02_14_27_56).html",
      "data": null
    },
    "publish/Sequence Results Compare  (2024_07_10_11_47_13).html": {
      "size": 6879,
      "type": "unknown",
      "path": "publish/Sequence Results Compare  (2024_07_10_11_47_13).html",
      "data": null
    },
    "publish/Basic Event Description  (2024_06_12_08_17_16).html": {
      "size": 38380,
      "type": "unknown",
      "path": "publish/Basic Event Description  (2024_06_12_08_17_16).html",
      "data": null
    },
    "publish/Sequence Results Compare  (2024_07_12_06_57_04).html": {
      "size": 14162,
      "type": "unknown",
      "path": "publish/Sequence Results Compare  (2024_07_12_06_57_04).html",
      "data": null
    },
    "publish/Sequence Results Compare  (2024_07_30_12_14_20).html": {
      "size": 18422,
      "type": "unknown",
      "path": "publish/Sequence Results Compare  (2024_07_30_12_14_20).html",
      "data": null
    },
    "publish/Sequence Results Compare  (2024_06_25_13_11_23).html": {
      "size": 13651,
      "type": "unknown",
      "path": "publish/Sequence Results Compare  (2024_06_25_13_11_23).html",
      "data": null
    },
    "publish/Sequence Results Compare  (2024_07_15_09_53_29).html": {
      "size": 14512,
      "type": "unknown",
      "path": "publish/Sequence Results Compare  (2024_07_15_09_53_29).html",
      "data": null
    },
    "publish/Sequence Results Compare  (2024_07_29_16_20_15).html": {
      "size": 14239,
      "type": "unknown",
      "path": "publish/Sequence Results Compare  (2024_07_29_16_20_15).html",
      "data": null
    },
    "publish/Sequence Results Compare  (2024_07_30_16_45_21).html": {
      "size": 18142,
      "type": "unknown",
      "path": "publish/Sequence Results Compare  (2024_07_30_16_45_21).html",
      "data": null
    },
    "publish/Sequence Results Compare  (2024_07_24_16_25_42).html": {
      "size": 7740,
      "type": "unknown",
      "path": "publish/Sequence Results Compare  (2024_07_24_16_25_42).html",
      "data": null
    },
    "publish/Sequence Results Compare  (2024_07_15_10_40_01).html": {
      "size": 19188,
      "type": "unknown",
      "path": "publish/Sequence Results Compare  (2024_07_15_10_40_01).html",
      "data": null
    },
    "publish/Sequence Results Compare  (2024_06_21_14_31_59).html": {
      "size": 6750,
      "type": "unknown",
      "path": "publish/Sequence Results Compare  (2024_06_21_14_31_59).html",
      "data": null
    },
    "publish/Basic Event Combination Listing 2 (Nominal)  (2024_09_09_09_59_29).html": {
      "size": 40180,
      "type": "unknown",
      "path": "publish/Basic Event Combination Listing 2 (Nominal)  (2024_09_09_09_59_29).html",
      "data": null
    },
    "publish/Fault Tree Logic  (2024_06_11_09_17_19).html": {
      "size": 42015,
      "type": "unknown",
      "path": "publish/Fault Tree Logic  (2024_06_11_09_17_19).html",
      "data": null
    },
    "publish/Sequence Results Compare  (2024_07_29_15_31_15).html": {
      "size": 14311,
      "type": "unknown",
      "path": "publish/Sequence Results Compare  (2024_07_29_15_31_15).html",
      "data": null
    },
    "publish/BE_UCDist.jpg": {
      "size": 21512,
      "type": "unknown",
      "path": "publish/BE_UCDist.jpg",
      "data": null
    },
    "publish/Sequence Results Compare  (2024_07_23_14_16_13).html": {
      "size": 5489,
      "type": "unknown",
      "path": "publish/Sequence Results Compare  (2024_07_23_14_16_13).html",
      "data": null
    },
    "publish/Sequence Results Compare  (2024_06_21_14_32_37).html": {
      "size": 5534,
      "type": "unknown",
      "path": "publish/Sequence Results Compare  (2024_06_21_14_32_37).html",
      "data": null
    },
    "publish/Uncertainty-Pegged.csv": {
      "size": 160,
      "type": "csv",
      "path": "publish/Uncertainty-Pegged.csv",
      "data": null
    },
    "publish/Sequence Results Compare  (2024_07_30_17_17_57).html": {
      "size": 18142,
      "type": "unknown",
      "path": "publish/Sequence Results Compare  (2024_07_30_17_17_57).html",
      "data": null
    },
    "publish/Sequence Results Compare  (2024_07_12_10_35_50).html": {
      "size": 18753,
      "type": "unknown",
      "path": "publish/Sequence Results Compare  (2024_07_12_10_35_50).html",
      "data": null
    },
    "publish/Sequence Results Compare  (2024_07_29_15_18_13).html": {
      "size": 14309,
      "type": "unknown",
      "path": "publish/Sequence Results Compare  (2024_07_29_15_18_13).html",
      "data": null
    },
    "publish/Sequence Results Compare  (2024_07_17_11_02_10).html": {
      "size": 13879,
      "type": "unknown",
      "path": "publish/Sequence Results Compare  (2024_07_17_11_02_10).html",
      "data": null
    },
    "publish/Sequence Results Compare  (2024_06_24_11_12_47).html": {
      "size": 18518,
      "type": "unknown",
      "path": "publish/Sequence Results Compare  (2024_06_24_11_12_47).html",
      "data": null
    },
    "publish/Sequence Results Compare  (2024_07_29_15_22_26).html": {
      "size": 14311,
      "type": "unknown",
      "path": "publish/Sequence Results Compare  (2024_07_29_15_22_26).html",
      "data": null
    },
    "publish/Sequence Results Compare  (2024_07_25_16_55_39).html": {
      "size": 6922,
      "type": "unknown",
      "path": "publish/Sequence Results Compare  (2024_07_25_16_55_39).html",
      "data": null
    },
    "publish/Sequence Results Compare  (2024_06_24_09_17_27).html": {
      "size": 5534,
      "type": "unknown",
      "path": "publish/Sequence Results Compare  (2024_06_24_09_17_27).html",
      "data": null
    },
    "publish/Basic Event Listing  (2024_06_10_08_57_15).html": {
      "size": 3923,
      "type": "unknown",
      "path": "publish/Basic Event Listing  (2024_06_10_08_57_15).html",
      "data": null
    },
    "publish/Sequence Results Compare  (2024_06_24_09_16_27).html": {
      "size": 5534,
      "type": "unknown",
      "path": "publish/Sequence Results Compare  (2024_06_24_09_16_27).html",
      "data": null
    },
    "publish/Sequence Results Compare  (2024_07_17_13_15_42).html": {
      "size": 14319,
      "type": "unknown",
      "path": "publish/Sequence Results Compare  (2024_07_17_13_15_42).html",
      "data": null
    },
    "publish/Sequence Results Compare  (2024_07_29_15_58_59).html": {
      "size": 14243,
      "type": "unknown",
      "path": "publish/Sequence Results Compare  (2024_07_29_15_58_59).html",
      "data": null
    },
    "publish/Sequence Results Compare  (2024_07_23_14_17_08).html": {
      "size": 13915,
      "type": "unknown",
      "path": "publish/Sequence Results Compare  (2024_07_23_14_17_08).html",
      "data": null
    },
    "publish/styles/report_style_3.css": {
      "size": 1032,
      "type": "unknown",
      "path": "publish/styles/report_style_3.css",
      "data": null
    },
    "publish/styles/report_style_2.css": {
      "size": 942,
      "type": "unknown",
      "path": "publish/styles/report_style_2.css",
      "data": null
    },
    "publish/styles/report_style_1.css": {
      "size": 2322,
      "type": "unknown",
      "path": "publish/styles/report_style_1.css",
      "data": null
    },
    "publish/scripts/standardista-table-sorting.js": {
      "size": 12580,
      "type": "unknown",
      "path": "publish/scripts/standardista-table-sorting.js",
      "data": null
    },
    "publish/scripts/common.js": {
      "size": 2906,
      "type": "unknown",
      "path": "publish/scripts/common.js",
      "data": null
    },
    "publish/scripts/css.js": {
      "size": 4593,
      "type": "unknown",
      "path": "publish/scripts/css.js",
      "data": null
    },
    "publish/Graphics/OrdersOfMagnitude.gif": {
      "size": 4996,
      "type": "unknown",
      "path": "publish/Graphics/OrdersOfMagnitude.gif",
      "data": null
    },
    "publish/Graphics/Back_RedArrow.bmp": {
      "size": 374,
      "type": "unknown",
      "path": "publish/Graphics/Back_RedArrow.bmp",
      "data": null
    },
    "publish/Graphics/FaultTree-G1-ADS-PDF (2024_06_10_08_56_23).jpg": {
      "size": 32761,
      "type": "unknown",
      "path": "publish/Graphics/FaultTree-G1-ADS-PDF (2024_06_10_08_56_23).jpg",
      "data": null
    },
    "publish/Graphics/FaultTree-G1-ADS-PDF (2024_06_10_08_56_22).jpg": {
      "size": 32761,
      "type": "unknown",
      "path": "publish/Graphics/FaultTree-G1-ADS-PDF (2024_06_10_08_56_22).jpg",
      "data": null
    },
    "publish/Graphics/seal-small.gif": {
      "size": 2314,
      "type": "unknown",
      "path": "publish/Graphics/seal-small.gif",
      "data": null
    },
    "publish/Graphics/SAPHIRE_background.jpg": {
      "size": 19309,
      "type": "unknown",
      "path": "publish/Graphics/SAPHIRE_background.jpg",
      "data": null
    },
    "publish/Graphics/SAPHIRE_Icon_small.gif": {
      "size": 1523,
      "type": "unknown",
      "path": "publish/Graphics/SAPHIRE_Icon_small.gif",
      "data": null
    },
    "publish/Graphics/NRCLogo.JPG": {
      "size": 21262,
      "type": "unknown",
      "path": "publish/Graphics/NRCLogo.JPG",
      "data": null
    },
    "publish/Graphics/ScaleSlider.gif": {
      "size": 1716,
      "type": "unknown",
      "path": "publish/Graphics/ScaleSlider.gif",
      "data": null
    },
    "publish/Graphics/pixel.gif": {
      "size": 43,
      "type": "unknown",
      "path": "publish/Graphics/pixel.gif",
      "data": null
    },
    "publish/Graphics/GreenWhiteYellowRed_Vertical.jpg": {
      "size": 1425,
      "type": "unknown",
      "path": "publish/Graphics/GreenWhiteYellowRed_Vertical.jpg",
      "data": null
    }
  },
  "metadata": {
    "total_files": 269,
    "errors": 0,
    "warnings": 0
  }
}