{
  "version": "2.0.0",
  "metadata": {
    "title": "PRA Model: HTGR_PRA",
    "description": "High Temperature Gas-cooled Reactor Probabilistic Risk Assessment",
    "created_date": "2025-03-19T18:41:29.720337",
    "source": "SAPHIRE Import",
    "schema_version": "2.0.0",
    "attributes": {}
  },
  "models": {
    "fault_trees": [
      {
        "id": "G1-ADS",
        "name": "Automatic Depressurization System Fault Tree",
        "description": "",
        "gates": [
          {
            "id": "TOP-G1",
            "type": "OR",
            "inputs": [
              {
                "id": "G1-1",
                "type": "gate"
              },
              {
                "id": "BE1",
                "type": "basic_event"
              }
            ]
          },
          {
            "id": "G1-1",
            "type": "AND",
            "inputs": [
              {
                "id": "BE2",
                "type": "basic_event"
              },
              {
                "id": "BE3",
                "type": "basic_event"
              }
            ]
          }
        ],
        "basic_events": [
          {
            "id": "BE1"
          },
          {
            "id": "BE2"
          },
          {
            "id": "BE3"
          }
        ]
      }
    ],
    "event_trees": [
      {
        "id": "HTGR-ET1",
        "name": "HTGR Main Event Tree",
        "description": "",
        "initiating_event": "IE-LOSP",
        "sequences": [
          {
            "id": "SEQ1",
            "end_state": "OK",
            "path": [
              {
                "event": "RPS",
                "success": true
              },
              {
                "event": "ADS",
                "success": true
              }
            ]
          },
          {
            "id": "SEQ2",
            "end_state": "CD",
            "path": [
              {
                "event": "RPS",
                "success": true
              },
              {
                "event": "ADS",
                "success": false
              }
            ]
          },
          {
            "id": "SEQ3",
            "end_state": "CD",
            "path": [
              {
                "event": "RPS",
                "success": false
              }
            ]
          }
        ]
      }
    ],
    "basic_events": [
      {
        "id": "BE1",
        "name": "Component A Fails",
        "probability": 0.01,
        "description": "Failure of Component A in the ADS system"
      },
      {
        "id": "BE2",
        "name": "Component B Fails",
        "probability": 0.02,
        "description": "Failure of Component B in the ADS system"
      },
      {
        "id": "BE3",
        "name": "Component C Fails",
        "probability": 0.03,
        "description": "Failure of Component C in the ADS system"
      },
      {
        "id": "IE-LOSP",
        "name": "Loss of Offsite Power",
        "probability": 1e-05,
        "description": "Initiating event - Loss of Offsite Power"
      }
    ],
    "initiating_events": [],
    "end_states": [
      {
        "id": "OK",
        "name": "Success",
        "description": "Plant reaches a safe and stable condition"
      },
      {
        "id": "CD",
        "name": "Core Damage",
        "description": "Core damage occurs"
      }
    ],
    "sequences": []
  },
  "analysis": {
    "quantifications": [],
    "importance_measures": [],
    "uncertainty": {}
  },
  "lmp": {
    "lbes": [],
    "sscs": [],
    "drm": {}
  }
}