{
  "job_id": "1742442866",
  "files": {
    "__MACOSX/._HTGR_Sample_Fault_Trees": {
      "size": 163,
      "type": "binary",
      "path": "__MACOSX/._HTGR_Sample_Fault_Trees",
      "data": null
    },
    "__MACOSX/HTGR_Sample_Fault_Trees/.__Subs": {
      "size": 163,
      "type": "binary",
      "path": "__MACOSX/HTGR_Sample_Fault_Trees/.__Subs",
      "data": null
    },
    "__MACOSX/HTGR_Sample_Fault_Trees/._.MARD": {
      "size": 194,
      "type": "saphire",
      "path": "__MACOSX/HTGR_Sample_Fault_Trees/._.MARD",
      "data": null,
      "saphire_type": "Master Relational Database"
    },
    "__MACOSX/HTGR_Sample_Fault_Trees/_Subs/._.FAT": {
      "size": 194,
      "type": "binary",
      "path": "__MACOSX/HTGR_Sample_Fault_Trees/_Subs/._.FAT",
      "data": null
    },
    "__MACOSX/HTGR_Sample_Fault_Trees/_Subs/._.FAA": {
      "size": 194,
      "type": "binary",
      "path": "__MACOSX/HTGR_Sample_Fault_Trees/_Subs/._.FAA",
      "data": null
    },
    "__MACOSX/HTGR_Sample_Fault_Trees/_Subs/._.MTD": {
      "size": 194,
      "type": "binary",
      "path": "__MACOSX/HTGR_Sample_Fault_Trees/_Subs/._.MTD",
      "data": null
    },
    "__MACOSX/HTGR_Sample_Fault_Trees/_Subs/._.GTD": {
      "size": 194,
      "type": "binary",
      "path": "__MACOSX/HTGR_Sample_Fault_Trees/_Subs/._.GTD",
      "data": null
    },
    "__MACOSX/HTGR_Sample_Fault_Trees/_Subs/._.FAU": {
      "size": 194,
      "type": "binary",
      "path": "__MACOSX/HTGR_Sample_Fault_Trees/_Subs/._.FAU",
      "data": null
    },
    "__MACOSX/HTGR_Sample_Fault_Trees/_Subs/._.HID": {
      "size": 194,
      "type": "binary",
      "path": "__MACOSX/HTGR_Sample_Fault_Trees/_Subs/._.HID",
      "data": null
    },
    "__MACOSX/HTGR_Sample_Fault_Trees/_Subs/._.EGD": {
      "size": 194,
      "type": "binary",
      "path": "__MACOSX/HTGR_Sample_Fault_Trees/_Subs/._.EGD",
      "data": null
    },
    "__MACOSX/HTGR_Sample_Fault_Trees/_Subs/._.FTA": {
      "size": 194,
      "type": "saphire",
      "path": "__MACOSX/HTGR_Sample_Fault_Trees/_Subs/._.FTA",
      "data": null,
      "saphire_type": "Fault Tree Attribute"
    },
    "__MACOSX/HTGR_Sample_Fault_Trees/_Subs/._.FTT": {
      "size": 194,
      "type": "binary",
      "path": "__MACOSX/HTGR_Sample_Fault_Trees/_Subs/._.FTT",
      "data": null
    },
    "__MACOSX/HTGR_Sample_Fault_Trees/_Subs/._.PHD": {
      "size": 194,
      "type": "binary",
      "path": "__MACOSX/HTGR_Sample_Fault_Trees/_Subs/._.PHD",
      "data": null
    },
    "__MACOSX/HTGR_Sample_Fault_Trees/_Subs/._.GTA": {
      "size": 194,
      "type": "binary",
      "path": "__MACOSX/HTGR_Sample_Fault_Trees/_Subs/._.GTA",
      "data": null
    },
    "__MACOSX/HTGR_Sample_Fault_Trees/_Subs/._.FAD": {
      "size": 194,
      "type": "saphire",
      "path": "__MACOSX/HTGR_Sample_Fault_Trees/_Subs/._.FAD",
      "data": null,
      "saphire_type": "Project Description"
    },
    "__MACOSX/HTGR_Sample_Fault_Trees/_Subs/._.EGI": {
      "size": 194,
      "type": "binary",
      "path": "__MACOSX/HTGR_Sample_Fault_Trees/_Subs/._.EGI",
      "data": null
    },
    "__MACOSX/HTGR_Sample_Fault_Trees/_Subs/._.FTD": {
      "size": 194,
      "type": "saphire",
      "path": "__MACOSX/HTGR_Sample_Fault_Trees/_Subs/._.FTD",
      "data": null,
      "saphire_type": "Fault Tree Description"
    },
    "__MACOSX/HTGR_Sample_Fault_Trees/_Subs/._.FTC": {
      "size": 194,
      "type": "binary",
      "path": "__MACOSX/HTGR_Sample_Fault_Trees/_Subs/._.FTC",
      "data": null
    },
    "__MACOSX/HTGR_Sample_Fault_Trees/_Subs/._.FTY": {
      "size": 194,
      "type": "binary",
      "path": "__MACOSX/HTGR_Sample_Fault_Trees/_Subs/._.FTY",
      "data": null
    },
    "__MACOSX/HTGR_Sample_Fault_Trees/_Subs/._.FTL": {
      "size": 194,
      "type": "saphire",
      "path": "__MACOSX/HTGR_Sample_Fault_Trees/_Subs/._.FTL",
      "data": null,
      "saphire_type": "Fault Tree Logic"
    },
    "HTGR_Sample_Fault_Trees/.MARD": {
      "size": 204,
      "type": "text",
      "path": "HTGR_Sample_Fault_Trees/.MARD",
      "data": "_Subs\\.FTD\n_Subs\\.FTA\n_Subs\\.FTT\n_Subs\\.FTL\n_Subs\\.FTC\n_Subs\\.GTD\n_Subs\\.GTA\n_Subs\\.FTY\n_Subs\\.FAD\n_Subs\\.FAA\n_Subs\\.FAT\n_Subs\\.EGD\n_Subs\\.EGI\n_Subs\\.MTD\n_Subs\\.PHD\n_Subs\\.HID\n_Subs\\.FAU\n"
    },
    "HTGR_Sample_Fault_Trees/_Subs/.FTL": {
      "size": 56406,
      "type": "text",
      "path": "HTGR_Sample_Fault_Trees/_Subs/.FTL",
      "data": "HTGR_PRA, A-G2-SCS-HTS =\nA-G2-SCS-HTS                                     OR   G3-SCS-HTS G4-SCS-HTS G5-SCS-HTS G6-SCS-HTS\nG3-SCS-HTS                                       AND  RCS-VCF-FO-X1 SDC-VCF-FS-X5\nG4-SCS-HTS                                       AND  G7-SCS-HTS RCS-VCF-FO-X2\nG7-SCS-HTS                                       OR   SDC-VCF-FS-X6 SDC-VCF-FS-X7\nG5-SCS-HTS                                       AND  G8-SCS-HTS20 RCS-VCF-FO-X3\nG8-SCS-HTS20                                     OR   SDC-VCF-FS-X8 SDC-VCF-FS-X9 SDC-VCF-FS-X10\nG6-SCS-HTS                                       AND  G9-SCS-HTS30 RCS-VCF-FO-X4\nG9-SCS-HTS30                                     OR   SDC-VCF-FS-X11 SDC-VCF-FS-X12 SDC-VCF-FS-X13 SDC-VCF-FS-X14\n^EOS\nHTGR_PRA, A-G2-SCS2-HTS2 =\nA-G2-SCS2-HTS2                                   AND  A-G2-SCS2-HTS20 RCS-VCF-FO-X1\nA-G2-SCS2-HTS20                                  OR   SDC-VCF-FS-X11 SDC-VCF-FS-X12 SDC-VCF-FS-X13 SDC-VCF-FS-X14\n^EOS\nHTGR_PRA, A-G4-SCS =\nA1-G26-SCS                                       TRAN\nA-G4-SCS                                         OR   SDC-MCC-FC-X2A SDC-MDP-FO-X2 SDC-MOV-CL-X3 SDC-MOV-OP-X3A SDC-MDP-FO-X4 A1-G26-SCS\n^EOS\nHTGR_PRA, A-G4-SCS-4A =\nA-G4-SCS-4A                                      OR   A1-G26-SCS-4A SDC-MCC-FC-X2A-4A SDC-MDP-FO-X2-4A SDC-MOV-CL-X3-4A SDC-MOV-OP-X3A-4A SDC-MDP-FO-X4-4A\nA1-G26-SCS-4A                                    TRAN\n^EOS\nHTGR_PRA, A-G4-SCS-4B =\nA-G4-SCS-4B                                      OR   A1-G26-SCS-4B SDC-MCC-FC-X2A-4B SDC-MDP-FO-X2-4B SDC-MOV-CL-X3-4B SDC-MOV-OP-X3A-4B SDC-MDP-FO-X4-4B\nA1-G26-SCS-4B                                    TRAN\n^EOS\nHTGR_PRA, A-G4-SCS-4C =\nA-G4-SCS-4C                                      OR   A1-G26-SCS-4C SDC-MCC-FC-X2A-4C SDC-MDP-FO-X2-4C SDC-MOV-CL-X3-4C SDC-MDP-FO-X4-4C SDC-MOV-OP-X3A-4C\nA1-G26-SCS-4C                                    TRAN\n^EOS\nHTGR_PRA, A-G4-SCS-4D =\nA-G4-SCS-4D                                      OR   A1-G26-SCS-4D SDC-MCC-FC-X2A-4D SDC-MDP-FO-X2-4D SDC-MOV-CL-X3-4D SDC-MOV-OP-X3A-4D SDC-MDP-FO-X4-4D\nA1-G26-SCS-4D                                    TRAN\n^EOS\nHTGR_PRA, A-G5-HTS-TRAIN-1 =\nA-G5-HTS-TRAIN-1                                 OR   J-G158-TRAIN-1 N-G25-DEMINERALIZER-TRAIN1 I-G27-TRAIN1 A-G5-HTS-TRAIN-15 A-G5-HTS-TRAIN-16\nA-G5-HTS-TRAIN-15                                OR   PCS-PTF-RP-ECSTRAINX3-TRAIN1 PCS-PTF-LK-ECSTRAINX3A-TRAIN1 PCS-PTF-LK-ECSTRAINX3A-TRAIN1-2\nA-G5-HTS-TRAIN-16                                AND  A-G5-HTS-TRAIN-142 A-G5-HTS-TRAIN-143\nJ-G158-TRAIN-1                                   TRAN\nN-G25-DEMINERALIZER-TRAIN1                       TRAN\nI-G27-TRAIN1                                     TRAN\nA-G5-HTS-TRAIN-142                               OR   PCS-TGN-FA-TRIPX8-TRAIN1 PCS-TGN-FA-TRIPX8-BETA\nA-G5-HTS-TRAIN-143                               OR   PCS-TGN-FO-BYPASSX9-TRAIN1 PCS-TGN-FO-BYPASSX9-BETA\n^EOS\nHTGR_PRA, A-G5-HTS-TRAIN-2 =\nJ-G158-TRAIN-2                                   TRAN\nI-G27-TRAIN-2                                    TRAN\nA-G5-HTS-TRAIN-2                                 OR   J-G158-TRAIN-2 N-G25-DEMINERALIZER-TRAIN-2 I-G27-TRAIN-2 G4-HTS G6-HTS\nG4-HTS                                           OR   PCS-PTF-RP-ECSTRAINX3-TRAIN2 PCS-PTF-LK-ECSTRAINX3A-TRAIN2 PCS-PTF-LK-ECSTRAINX3A-TRAIN2-2\nG6-HTS                                           AND  A-G5-HTS-TRAIN-242 A-G5-HTS-TRAIN-243\nN-G25-DEMINERALIZER-TRAIN-2                      TRAN\nA-G5-HTS-TRAIN-242                               OR   PCS-TGN-FA-TRIPX8-TRAIN2 PCS-TGN-FA-TRIPX8-BETA\nA-G5-HTS-TRAIN-243                               OR   PCS-TGN-FO-BYPASSX9-TRAIN2 PCS-TGN-FO-BYPASSX9-BETA\n^EOS\nHTGR_PRA, A1-G26-SCS =\nA1-G26-SCS                                       OR   A1-G26-SCS2 A1-G26-SCS1\nG29-SCS                                          OR   SDC-CHL-LK-X45 SDC-MOV-OC-X46 SDC-MOV-OC-X47\nG30-SCS                                          OR   SDC-CHL-LK-X48 SDC-MOV-CL-X49 SDC-MOV-CL-X50 G31-SCS G32-SCS\nG31-SCS                                          OR   SDC-MOV-OP-X51 SDC-MOV-OP-X52\nG3"
    },
    "HTGR_Sample_Fault_Trees/_Subs/.FTY": {
      "size": 6177,
      "type": "text",
      "path": "HTGR_Sample_Fault_Trees/_Subs/.FTY",
      "data": "HTGR_PRA, A-G2-SCS-HTS=\n\n^EOS\nHTGR_PRA, A-G2-SCS2-HTS2=\n\n^EOS\nHTGR_PRA, A-G4-SCS=\n\n^EOS\nHTGR_PRA, A-G4-SCS-4A=\n\n^EOS\nHTGR_PRA, A-G4-SCS-4B=\n\n^EOS\nHTGR_PRA, A-G4-SCS-4C=\n\n^EOS\nHTGR_PRA, A-G4-SCS-4D=\n\n^EOS\nHTGR_PRA, A-G5-HTS-TRAIN-1=\n\n^EOS\nHTGR_PRA, A-G5-HTS-TRAIN-2=\n\n^EOS\nHTGR_PRA, A1-G26-SCS=\n\n^EOS\nHTGR_PRA, A1-G26-SCS-4A=\n\n^EOS\nHTGR_PRA, A1-G26-SCS-4B=\n\n^EOS\nHTGR_PRA, A1-G26-SCS-4C=\n\n^EOS\nHTGR_PRA, A1-G26-SCS-4D=\n\n^EOS\nHTGR_PRA, ATWS-NO-MODULES-1=\n\n^EOS\nHTGR_PRA, ATWS-NO-MODULES-124-1=\n\n^EOS\nHTGR_PRA, ATWS-NO-MODULES-124-2=\n\n^EOS\nHTGR_PRA, ATWS-NO-MODULES-124-4=\n\n^EOS\nHTGR_PRA, ATWS-NO-MODULES-14=\n\n^EOS\nHTGR_PRA, ATWS-NO-MODULES-2=\n\n^EOS\nHTGR_PRA, ATWS-NO-MODULES-3=\n\n^EOS\nHTGR_PRA, ATWS-NO-MODULES-4=\n\n^EOS\nHTGR_PRA, B-G10-SCS-HTS=\n\n^EOS\nHTGR_PRA, B-G10-SCS2-HTS2=\n\n^EOS\nHTGR_PRA, B-G6-SCS=\n\n^EOS\nHTGR_PRA, B1-G12A-SCS=\n\n^EOS\nHTGR_PRA, B4-G7-SCS=\n\n^EOS\nHTGR_PRA, C1E-UPS-G-G120=\n\n^EOS\nHTGR_PRA, COOLING-RESTORED=\n\n^EOS\nHTGR_PRA, COOLING-RESTORED-1=\n\n^EOS\nHTGR_PRA, COOLING-RESTORED-2=\n\n^EOS\nHTGR_PRA, D1-G51=\n\n^EOS\nHTGR_PRA, D2-G90=\n\n^EOS\nHTGR_PRA, E-G21-SCS=\n\n^EOS\nHTGR_PRA, E-G21-SCS-4A=\n\n^EOS\nHTGR_PRA, E-G21-SCS-4B=\n\n^EOS\nHTGR_PRA, E-G21-SCS-4C=\n\n^EOS\nHTGR_PRA, E-G21-SCS-4D=\n\n^EOS\nHTGR_PRA, E1-G107-RE=\n\n^EOS\nHTGR_PRA, E4-G1031=\n\n^EOS\nHTGR_PRA, F-G23-SCS=\n\n^EOS\nHTGR_PRA, G1-G1311-A=\n\n^EOS\nHTGR_PRA, G1-G1311-B=\n\n^EOS\nHTGR_PRA, G1-G1311-C=\n\n^EOS\nHTGR_PRA, G1-G1311-D=\n\n^EOS\nHTGR_PRA, G11-G167=\n\n^EOS\nHTGR_PRA, G12-G178-RE-A=\n\n^EOS\nHTGR_PRA, G12-G178-RE-B=\n\n^EOS\nHTGR_PRA, G12-G178-RE-C=\n\n^EOS\nHTGR_PRA, G12-G178-RE-D=\n\n^EOS\nHTGR_PRA, G2-G207=\n\n^EOS\nHTGR_PRA, G2C-SCS-4COOLING-4A=\n\n^EOS\nHTGR_PRA, G2C-SCS-4COOLING-4B=\n\n^EOS\nHTGR_PRA, G2C-SCS-4COOLING-4C=\n\n^EOS\nHTGR_PRA, G2C-SCS-4COOLING-4D=\n\n^EOS\nHTGR_PRA, G3-ADS=\n\n^EOS\nHTGR_PRA, G3-G236-RE=\n\n^EOS\nHTGR_PRA, G4-G235-RE=\n\n^EOS\nHTGR_PRA, G5-G145-RE-ALTERNATIVE=\n\n^EOS\nHTGR_PRA, G5-G145-RE-NORMAL=\n\n^EOS\nHTGR_PRA, G6-G218=\n\n^EOS\nHTGR_PRA, G7-G234=\n\n^EOS\nHTGR_PRA, G8-G234=\n\n^EOS\nHTGR_PRA, G9-G209=\n\n^EOS\nHTGR_PRA, H-HTS-CIRCULATOR1FAILS=\n\n^EOS\nHTGR_PRA, HPS-PUMPDOWN-HTS=\n\n^EOS\nHTGR_PRA, HPS-PUMPDOWN-HTS-SCS=\n\n^EOS\nHTGR_PRA, HTS=\n\n^EOS\nHTGR_PRA, HTS-COOLING=\n\n^EOS\nHTGR_PRA, HTS-FAILURE=\n\n^EOS\nHTGR_PRA, HTS-FAILURE-ATWS=\n\n^EOS\nHTGR_PRA, HTS-FAILURE-ATWS-1=\n\n^EOS\nHTGR_PRA, HTS-FAILURE-ATWS-2=\n\n^EOS\nHTGR_PRA, HTS-FAILURE-CONTROL-ROD=\n\n^EOS\nHTGR_PRA, HTS-FAILURE-LK-SIZE=\n\n^EOS\nHTGR_PRA, HTS-FAILURE-PRIMARY-LOCA=\n\n^EOS\nHTGR_PRA, HTS-NO-MODULES-1=\n\n^EOS\nHTGR_PRA, HTS-NO-MODULES-14=\n\n^EOS\nHTGR_PRA, HTS-NO-MODULES-2=\n\n^EOS\nHTGR_PRA, HTS-NO-MODULES-3=\n\n^EOS\nHTGR_PRA, HTS-NO-MODULES-4=\n\n^EOS\nHTGR_PRA, I-G27-TRAIN-2=\n\n^EOS\nHTGR_PRA, I-G27-TRAIN1=\n\n^EOS\nHTGR_PRA, I2-G17-SCS-A=\n\n^EOS\nHTGR_PRA, I2-G17-SCS-B=\n\n^EOS\nHTGR_PRA, I2-G28-TRAIN-2=\n\n^EOS\nHTGR_PRA, I2-G28-TRAIN1=\n\n^EOS\nHTGR_PRA, I3-G18-SHS-A=\n\n^EOS\nHTGR_PRA, I3-G18-SHS-B=\n\n^EOS\nHTGR_PRA, I3-G31-2-TRAIN-2=\n\n^EOS\nHTGR_PRA, I3-G31-2-TRAIN1=\n\n^EOS\nHTGR_PRA, I3-G31-TRAIN-2=\n\n^EOS\nHTGR_PRA, I3-G31-TRAIN1=\n\n^EOS\nHTGR_PRA, I4-G34-TRAIN-2=\n\n^EOS\nHTGR_PRA, I4-G34-TRAIN1=\n\n^EOS\nHTGR_PRA, I5-G37-TRAIN-2=\n\n^EOS\nHTGR_PRA, I5-G37-TRAIN1=\n\n^EOS\nHTGR_PRA, IE-PRIMARY-COOLANT-LK=\n\n^EOS\nHTGR_PRA, INT-DEP=\n\n^EOS\nHTGR_PRA, J-G158-TRAIN-1=\n\n^EOS\nHTGR_PRA, J-G158-TRAIN-2=\n\n^EOS\nHTGR_PRA, J1-G7-TRAIN-1=\n\n^EOS\nHTGR_PRA, J1-G7-TRAIN-2=\n\n^EOS\nHTGR_PRA, J2-G10-TRAIN-1=\n\n^EOS\nHTGR_PRA, J2-G10-TRAIN-2=\n\n^EOS\nHTGR_PRA, J3-G21-DEMINERALIZER-TRAIN-1=\n\n^EOS\nHTGR_PRA, J3-G21-DEMINERALIZER-TRAIN-2=\n\n^EOS\nHTGR_PRA, J3-G21-TRAIN-1=\n\n^EOS\nHTGR_PRA, J3-G21-TRAIN-2=\n\n^EOS\nHTGR_PRA, JA-G22=\n\n^EOS\nHTGR_PRA, JB-G16=\n\n^EOS\nHTGR_PRA, L1-G27-SCS-HTX=\n\n^EOS\nHTGR_PRA, LOOP-NO-MODULES-1=\n\n^EOS\nHTGR_PRA, LOOP-NO-MODULES-2=\n\n^EOS\nHTGR_PRA, LOOP-NO-MODULES-3=\n\n^EOS\nHTGR_PRA, LOOP-NO-MODULES-4=\n\n^EOS\nHTGR_PRA, LSD=\n\n^EOS\nHTGR_PRA, LSD1=\n\n^EOS\nHTGR_PRA, LSD2=\n\n^EOS\nHTGR_PRA, LSD3=\n\n^EOS\nHTGR_PRA, LSD4=\n\n^EOS\nHTGR_PRA, LSD5=\n\n^EOS\nHTGR_PRA, MMD=\n\n^EOS\nHTGR_PRA, N-G25-DEMINERALIZER-TRAIN-2=\n\n^EOS\nHTGR_PRA, N-G25-DEMINERALIZER-TRAIN1=\n\n^EOS\nHTGR_PRA, N1-G26=\n\n^EOS\nHTGR_PRA, N1-G26-TRAIN-2=\n\n^EOS\nHTGR_PRA, N1-G26-TRAIN1=\n\n^EOS\nHTGR_PRA, NC1EPS-X-G200=\n\n^EOS\nHTGR_PRA, NO-OF-MODULES=\n\n^EOS\nHTGR_PRA, NSSS-G3=\n\n^"
    },
    "HTGR_Sample_Fault_Trees/_Subs/.FTC": {
      "size": 15533713,
      "type": "text",
      "path": "HTGR_Sample_Fault_Trees/_Subs/.FTC",
      "data": null
    },
    "HTGR_Sample_Fault_Trees/_Subs/.FTD": {
      "size": 34146,
      "type": "text",
      "path": "HTGR_Sample_Fault_Trees/_Subs/.FTD",
      "data": "HTGR_PRA                                        =\n*  Name                 , Description,        SubTree, Alternate, Project\nA-G2-SCS-HTS                                    , SHUTDOWN COOLING SYSTEM FAILS TO START                                                                                  , S ,  , HTGR_PRA\nA-G2-SCS2-HTS2                                  , SHUTDOWN COOLING SYSTEM FAILS TO START                                                                                  , S ,  , HTGR_PRA\nA-G4-SCS                                        , SHUTDOWN COOLING SYSTEM CIRCULATOR FAILURE IN ONE MODULE                                                                , S ,  , HTGR_PRA\nA-G4-SCS-4A                                     , SHUTDOWN COOLING SYSTEM CIRCULATOR FAILURE IN ONE MODULE-4A                                                             , S ,  , HTGR_PRA\nA-G4-SCS-4B                                     , SHUTDOWN COOLING SYSTEM CIRCULATOR FAILURE IN ONE MODULE-4B                                                             , S ,  , HTGR_PRA\nA-G4-SCS-4C                                     , SHUTDOWN COOLING SYSTEM CIRCULATOR FAILURE IN ONE MODULE-4C                                                             , S ,  , HTGR_PRA\nA-G4-SCS-4D                                     , SHUTDOWN COOLING SYSTEM CIRCULATOR FAILURE IN ONE MODULE-4D                                                             , S ,  , HTGR_PRA\nA-G5-HTS-TRAIN-1                                , ENERGY CONVERSION SYSTEM TRAIN 1 FAILURE                                                                                , S ,  , HTGR_PRA\nA-G5-HTS-TRAIN-2                                , ENERGY CONVERSION SYSTEM TRAIN 2 FAILURE                                                                                , S ,  , HTGR_PRA\nA1-G26-SCS                                      , SHUTDOWN CIRCULATOR MOTOR COOLING FAILURE                                                                               , S ,  , HTGR_PRA\nA1-G26-SCS-4A                                   , SHUTDOWN CIRCULATOR MOTOR COOLING FAILURE-4A                                                                            , S ,  , HTGR_PRA\nA1-G26-SCS-4B                                   , SHUTDOWN CIRCULATOR MOTOR COOLING FAILURE-4B                                                                            , S ,  , HTGR_PRA\nA1-G26-SCS-4C                                   , SHUTDOWN CIRCULATOR MOTOR COOLING FAILURE-4C                                                                            , S ,  , HTGR_PRA\nA1-G26-SCS-4D                                   , SHUTDOWN CIRCULATOR MOTOR COOLING FAILURE-4D                                                                            , S ,  , HTGR_PRA\nATWS-NO-MODULES-1                               , ATWS NUMBER OF MODULES 1                                                                                                ,   ,  , HTGR_PRA\nATWS-NO-MODULES-124-1                           , ATWS NO. OF MODULES EXPERIENCING EVENT                                                                                  ,   ,  , HTGR_PRA\nATWS-NO-MODULES-124-2                           , ATWS NO. OF MODULES EXPERIENCING EVENT                                                                                  ,   ,  , HTGR_PRA\nATWS-NO-MODULES-124-4                           , ATWS NO. OF MODULES EXPERIENCING EVENT                                                                                  ,   ,  , HTGR_PRA\nATWS-NO-MODULES-14                              , 1 MODULE                                                                                                                ,   ,  , HTGR_PRA\nATWS-NO-MODULES-2                               , ATWS NUMBER OF MODULES 2                                                                                                ,   ,  , HTGR_PRA\nATWS-NO-MODULES-3                               , ATWS NUMBER OF MODULES 3                                                                                                ,   ,  , HTGR_PRA\nATWS-NO-MODULES-4       "
    },
    "HTGR_Sample_Fault_Trees/_Subs/.EGI": {
      "size": 265,
      "type": "text",
      "path": "HTGR_Sample_Fault_Trees/_Subs/.EGI",
      "data": "*Saphire 8.2.12 \nHTGR_PRA                                        =\n* Name                  , Event Trees \nPROJECT                                         , ATWS, CR-GROUP-WITHDRAWAL, EARTHQUAKE, HTS-COOLING-LOSS, LOSP, PRIMARY-LOCA, SG-LK-MODERATE, SG-LK-SMALL\n"
    },
    "HTGR_Sample_Fault_Trees/_Subs/.PHD": {
      "size": 442,
      "type": "text",
      "path": "HTGR_Sample_Fault_Trees/_Subs/.PHD",
      "data": "*Saphire 8.2.12 \nHTGR_PRA                                        =\n* Num, Name                  , Suffix, Order,  Color,  Description                                                                                                                          \n1, CD                                              , , 1, 0, Core Damage                                                                                                             \n"
    },
    "HTGR_Sample_Fault_Trees/_Subs/.GTA": {
      "size": 22967,
      "type": "text",
      "path": "HTGR_Sample_Fault_Trees/_Subs/.GTA",
      "data": "HTGR_PRA=\n*  Name                 , Type , Alternate Name, Project\n27A-SCS-HTX, AND, 27A-SCS-HTX, HTGR_PRA\n27B-SCS-HTX, AND, 27B-SCS-HTX, HTGR_PRA\n27C-SCS-HTX, AND, 27C-SCS-HTX, HTGR_PRA\nA-G2-SCS-HTS, OR, A-G2-SCS-HTS, HTGR_PRA\nA-G2-SCS2-HTS2, AND, A-G2-SCS2-HTS2, HTGR_PRA\nA-G2-SCS2-HTS20, OR, A-G2-SCS2-HTS20, HTGR_PRA\nA-G4-SCS, OR, A-G4-SCS, HTGR_PRA\nA-G4-SCS-4A, OR, A-G4-SCS-4A, HTGR_PRA\nA-G4-SCS-4B, OR, A-G4-SCS-4B, HTGR_PRA\nA-G4-SCS-4C, OR, A-G4-SCS-4C, HTGR_PRA\nA-G4-SCS-4D, OR, A-G4-SCS-4D, HTGR_PRA\nA-G5-HTS-TRAIN-1, OR, A-G5-HTS-TRAIN-1, HTGR_PRA\nA-G5-HTS-TRAIN-142, OR, A-G5-HTS-TRAIN-142, HTGR_PRA\nA-G5-HTS-TRAIN-143, OR, A-G5-HTS-TRAIN-143, HTGR_PRA\nA-G5-HTS-TRAIN-15, OR, A-G5-HTS-TRAIN-15, HTGR_PRA\nA-G5-HTS-TRAIN-16, AND, A-G5-HTS-TRAIN-16, HTGR_PRA\nA-G5-HTS-TRAIN-2, OR, A-G5-HTS-TRAIN-2, HTGR_PRA\nA-G5-HTS-TRAIN-242, OR, A-G5-HTS-TRAIN-242, HTGR_PRA\nA-G5-HTS-TRAIN-243, OR, A-G5-HTS-TRAIN-243, HTGR_PRA\nA1-G26-SCS, OR, A1-G26-SCS, HTGR_PRA\nA1-G26-SCS-4A, AND, A1-G26-SCS-4A, HTGR_PRA\nA1-G26-SCS-4A2, OR, A1-G26-SCS-4A2, HTGR_PRA\nA1-G26-SCS-4A3, OR, A1-G26-SCS-4A3, HTGR_PRA\nA1-G26-SCS-4A35, OR, A1-G26-SCS-4A35, HTGR_PRA\nA1-G26-SCS-4A36, OR, A1-G26-SCS-4A36, HTGR_PRA\nA1-G26-SCS-4B, AND, A1-G26-SCS-4B, HTGR_PRA\nA1-G26-SCS-4B2, OR, A1-G26-SCS-4B2, HTGR_PRA\nA1-G26-SCS-4B3, OR, A1-G26-SCS-4B3, HTGR_PRA\nA1-G26-SCS-4B35, OR, A1-G26-SCS-4B35, HTGR_PRA\nA1-G26-SCS-4B36, OR, A1-G26-SCS-4B36, HTGR_PRA\nA1-G26-SCS-4C, AND, A1-G26-SCS-4C, HTGR_PRA\nA1-G26-SCS-4C2, OR, A1-G26-SCS-4C2, HTGR_PRA\nA1-G26-SCS-4C3, OR, A1-G26-SCS-4C3, HTGR_PRA\nA1-G26-SCS-4C35, OR, A1-G26-SCS-4C35, HTGR_PRA\nA1-G26-SCS-4C36, OR, A1-G26-SCS-4C36, HTGR_PRA\nA1-G26-SCS-4D, AND, A1-G26-SCS-4D, HTGR_PRA\nA1-G26-SCS-4D2, OR, A1-G26-SCS-4D2, HTGR_PRA\nA1-G26-SCS-4D3, OR, A1-G26-SCS-4D3, HTGR_PRA\nA1-G26-SCS-4D35, OR, A1-G26-SCS-4D35, HTGR_PRA\nA1-G26-SCS-4D36, OR, A1-G26-SCS-4D36, HTGR_PRA\nA1-G26-SCS1, OR, A1-G26-SCS1, HTGR_PRA\nA1-G26-SCS2, AND, A1-G26-SCS2, HTGR_PRA\nATWS-NO-MODULES-1, OR, ATWS-NO-MODULES-1, HTGR_PRA\nATWS-NO-MODULES-124-1, OR, ATWS-NO-MODULES-124-1, HTGR_PRA\nATWS-NO-MODULES-124-2, OR, ATWS-NO-MODULES-124-2, HTGR_PRA\nATWS-NO-MODULES-124-4, OR, ATWS-NO-MODULES-124-4, HTGR_PRA\nATWS-NO-MODULES-14, OR, ATWS-NO-MODULES-14, HTGR_PRA\nATWS-NO-MODULES-2, OR, ATWS-NO-MODULES-2, HTGR_PRA\nATWS-NO-MODULES-3, OR, ATWS-NO-MODULES-3, HTGR_PRA\nATWS-NO-MODULES-4, OR, ATWS-NO-MODULES-4, HTGR_PRA\nB-G10-SCS-HTS, OR, B-G10-SCS-HTS, HTGR_PRA\nB-G10-SCS2-HTS-20, OR, B-G10-SCS2-HTS-20, HTGR_PRA\nB-G10-SCS2-HTS2, AND, B-G10-SCS2-HTS2, HTGR_PRA\nB-G6-SCS, OR, B-G6-SCS, HTGR_PRA\nB1-G12A-SCS, OR, B1-G12A-SCS, HTGR_PRA\nB3-SCS-PSW, OR, B3-SCS-PSW, HTGR_PRA\nB4-G7-SCS, OR, B4-G7-SCS, HTGR_PRA\nB4-G7-SCS2121, OR, B4-G7-SCS2121, HTGR_PRA\nB4-G7-SCS2122, OR, B4-G7-SCS2122, HTGR_PRA\nB4-G7-SCS213, OR, B4-G7-SCS213, HTGR_PRA\nC1E-UPS-G-G120, AND, C1E-UPS-G-G120, HTGR_PRA\nC1E-UPS-G-G1202, OR, C1E-UPS-G-G1202, HTGR_PRA\nC1E-UPS-G-G1203, OR, C1E-UPS-G-G1203, HTGR_PRA\nC1E-UPS-G-G1204, OR, C1E-UPS-G-G1204, HTGR_PRA\nC1E-UPS-G-G1205, AND, C1E-UPS-G-G1205, HTGR_PRA\nC1E-UPS-G-G1206, OR, C1E-UPS-G-G1206, HTGR_PRA\nCOOLING-RESTORED, TRAN, COOLING-RESTORED, HTGR_PRA\nCOOLING-RESTORED-1, OR, COOLING-RESTORED-1, HTGR_PRA\nCOOLING-RESTORED-2, OR, COOLING-RESTORED-2, HTGR_PRA\nD1-G51, OR, D1-G51, HTGR_PRA\nD1-G51111, OR, D1-G51111, HTGR_PRA\nD1-G511110, OR, D1-G511110, HTGR_PRA\nD1-G5111100, OR, D1-G5111100, HTGR_PRA\nD1-G5111101, OR, D1-G5111101, HTGR_PRA\nD1-G5113, AND, D1-G5113, HTGR_PRA\nD2-G90, OR, D2-G90, HTGR_PRA\nE-G21-SCS, OR, E-G21-SCS, HTGR_PRA\nE-G21-SCS-4A, OR, E-G21-SCS-4A, HTGR_PRA\nE-G21-SCS-4A2, OR, E-G21-SCS-4A2, HTGR_PRA\nE-G21-SCS-4B, OR, E-G21-SCS-4B, HTGR_PRA\nE-G21-SCS-4B2, OR, E-G21-SCS-4B2, HTGR_PRA\nE-G21-SCS-4C, OR, E-G21-SCS-4C, HTGR_PRA\nE-G21-SCS-4C2, OR, E-G21-SCS-4C2, HTGR_PRA\nE-G21-SCS-4D, OR, E-G21-SCS-4D, HTGR_PRA\nE-G21-SCS-4D2, OR, E-G21-SCS-4D2, HTGR_PRA\nE1, AND, E1, HTGR_PRA\nE1-G107-RE, OR, E1-G107-RE, HTGR_PRA\nE1-G107-RE3, OR, E1-G107-RE3, HTGR_PRA\nE1-G107-RE4, AND, E1-G107-RE4, HTGR_PRA\nE4-G103, AND, E4-G103, HTGR_PRA\nE4-G1031, AND, E4-G1031, HTGR_PRA\nE4-G103132, OR, E4-G103132, HTGR_PRA\nE4-G1"
    },
    "HTGR_Sample_Fault_Trees/_Subs/.FAD": {
      "size": 53,
      "type": "text",
      "path": "HTGR_Sample_Fault_Trees/_Subs/.FAD",
      "data": "HTGR_PRA,PRA model for the generic MHTGR, ,HTGR_PRA\n"
    },
    "HTGR_Sample_Fault_Trees/_Subs/.HID": {
      "size": 11,
      "type": "text",
      "path": "HTGR_Sample_Fault_Trees/_Subs/.HID",
      "data": "HTGR_PRA=\n"
    },
    "HTGR_Sample_Fault_Trees/_Subs/.FTT": {
      "size": 6094,
      "type": "text",
      "path": "HTGR_Sample_Fault_Trees/_Subs/.FTT",
      "data": "HTGR_PRA, A-G2-SCS-HTS=\n\n\n^EOS\nHTGR_PRA, A-G2-SCS2-HTS2=\n\n\n^EOS\nHTGR_PRA, A-G4-SCS=\n\n\n^EOS\nHTGR_PRA, A-G4-SCS-4A=\n\n\n^EOS\nHTGR_PRA, A-G4-SCS-4B=\n\n\n^EOS\nHTGR_PRA, A-G4-SCS-4C=\n\n\n^EOS\nHTGR_PRA, A-G4-SCS-4D=\n\n\n^EOS\nHTGR_PRA, A-G5-HTS-TRAIN-1=\n\n\n^EOS\nHTGR_PRA, A-G5-HTS-TRAIN-2=\n\n\n^EOS\nHTGR_PRA, A1-G26-SCS=\n\n\n^EOS\nHTGR_PRA, A1-G26-SCS-4A=\n\n\n^EOS\nHTGR_PRA, A1-G26-SCS-4B=\n\n\n^EOS\nHTGR_PRA, A1-G26-SCS-4C=\n\n\n^EOS\nHTGR_PRA, A1-G26-SCS-4D=\n\n\n^EOS\nHTGR_PRA, ATWS-NO-MODULES-1=\n\n\n^EOS\nHTGR_PRA, ATWS-NO-MODULES-124-1=\n\n\n^EOS\nHTGR_PRA, ATWS-NO-MODULES-124-2=\n\n\n^EOS\nHTGR_PRA, ATWS-NO-MODULES-124-4=\n\n\n^EOS\nHTGR_PRA, ATWS-NO-MODULES-14=\n\n\n^EOS\nHTGR_PRA, ATWS-NO-MODULES-2=\n\n\n^EOS\nHTGR_PRA, ATWS-NO-MODULES-3=\n\n\n^EOS\nHTGR_PRA, ATWS-NO-MODULES-4=\n\n\n^EOS\nHTGR_PRA, B-G10-SCS-HTS=\n\n\n^EOS\nHTGR_PRA, B-G10-SCS2-HTS2=\n\n\n^EOS\nHTGR_PRA, B-G6-SCS=\n\n\n^EOS\nHTGR_PRA, B1-G12A-SCS=\n\n\n^EOS\nHTGR_PRA, B4-G7-SCS=\n\n\n^EOS\nHTGR_PRA, C1E-UPS-G-G120=\n\n\n^EOS\nHTGR_PRA, COOLING-RESTORED-1=\n\n\n^EOS\nHTGR_PRA, COOLING-RESTORED-2=\n\n\n^EOS\nHTGR_PRA, D1-G51=\n\n\n^EOS\nHTGR_PRA, D2-G90=\n\n\n^EOS\nHTGR_PRA, E-G21-SCS=\n\n\n^EOS\nHTGR_PRA, E-G21-SCS-4A=\n\n\n^EOS\nHTGR_PRA, E-G21-SCS-4B=\n\n\n^EOS\nHTGR_PRA, E-G21-SCS-4C=\n\n\n^EOS\nHTGR_PRA, E-G21-SCS-4D=\n\n\n^EOS\nHTGR_PRA, E1-G107-RE=\n\n\n^EOS\nHTGR_PRA, E4-G1031=\n\n\n^EOS\nHTGR_PRA, F-G23-SCS=\n\n\n^EOS\nHTGR_PRA, G1-G1311-A=\n\n\n^EOS\nHTGR_PRA, G1-G1311-B=\n\n\n^EOS\nHTGR_PRA, G1-G1311-C=\n\n\n^EOS\nHTGR_PRA, G1-G1311-D=\n\n\n^EOS\nHTGR_PRA, G11-G167=\n\n\n^EOS\nHTGR_PRA, G12-G178-RE-A=\n\n\n^EOS\nHTGR_PRA, G12-G178-RE-B=\n\n\n^EOS\nHTGR_PRA, G12-G178-RE-C=\n\n\n^EOS\nHTGR_PRA, G12-G178-RE-D=\n\n\n^EOS\nHTGR_PRA, G2-G207=\n\n\n^EOS\nHTGR_PRA, G2C-SCS-4COOLING-4A=\n\n\n^EOS\nHTGR_PRA, G2C-SCS-4COOLING-4B=\n\n\n^EOS\nHTGR_PRA, G2C-SCS-4COOLING-4C=\n\n\n^EOS\nHTGR_PRA, G2C-SCS-4COOLING-4D=\n\n\n^EOS\nHTGR_PRA, G3-G236-RE=\n\n\n^EOS\nHTGR_PRA, G4-G235-RE=\n\n\n^EOS\nHTGR_PRA, G5-G145-RE-ALTERNATIVE=\n\n\n^EOS\nHTGR_PRA, G5-G145-RE-NORMAL=\n\n\n^EOS\nHTGR_PRA, G6-G218=\n\n\n^EOS\nHTGR_PRA, G7-G234=\nWhen solving G7-G234: given probabilities of the three gates leading to the top AND, there are no cutsets above the 1E-12 cutoff.\n\n^EOS\nHTGR_PRA, G8-G234=\n\n\n^EOS\nHTGR_PRA, G9-G209=\n\n\n^EOS\nHTGR_PRA, H-HTS-CIRCULATOR1FAILS=\n\n\n^EOS\nHTGR_PRA, HPS-PUMPDOWN-HTS=\n\n\n^EOS\nHTGR_PRA, HPS-PUMPDOWN-HTS-SCS=\n\n\n^EOS\nHTGR_PRA, HTS-FAILURE=\n\n\n^EOS\nHTGR_PRA, HTS-FAILURE-ATWS=\n\n\n^EOS\nHTGR_PRA, HTS-FAILURE-ATWS-1=\n\n\n^EOS\nHTGR_PRA, HTS-FAILURE-ATWS-2=\n\n\n^EOS\nHTGR_PRA, HTS-FAILURE-CONTROL-ROD=\n\n\n^EOS\nHTGR_PRA, HTS-FAILURE-LK-SIZE=\n\n\n^EOS\nHTGR_PRA, HTS-FAILURE-PRIMARY-LOCA=\n\n\n^EOS\nHTGR_PRA, HTS-NO-MODULES-1=\n\n\n^EOS\nHTGR_PRA, HTS-NO-MODULES-14=\n\n\n^EOS\nHTGR_PRA, HTS-NO-MODULES-2=\n\n\n^EOS\nHTGR_PRA, HTS-NO-MODULES-3=\n\n\n^EOS\nHTGR_PRA, HTS-NO-MODULES-4=\n\n\n^EOS\nHTGR_PRA, I-G27-TRAIN-2=\n\n\n^EOS\nHTGR_PRA, I-G27-TRAIN1=\n\n\n^EOS\nHTGR_PRA, I2-G17-SCS-A=\n\n\n^EOS\nHTGR_PRA, I2-G17-SCS-B=\n\n\n^EOS\nHTGR_PRA, I2-G28-TRAIN-2=\n\n\n^EOS\nHTGR_PRA, I2-G28-TRAIN1=\n\n\n^EOS\nHTGR_PRA, I3-G18-SHS-A=\n\n\n^EOS\nHTGR_PRA, I3-G18-SHS-B=\n\n\n^EOS\nHTGR_PRA, I3-G31-2-TRAIN-2=\n\n\n^EOS\nHTGR_PRA, I3-G31-2-TRAIN1=\n\n\n^EOS\nHTGR_PRA, I3-G31-TRAIN-2=\n\n\n^EOS\nHTGR_PRA, I3-G31-TRAIN1=\n\n\n^EOS\nHTGR_PRA, I4-G34-TRAIN-2=\n\n\n^EOS\nHTGR_PRA, I4-G34-TRAIN1=\n\n\n^EOS\nHTGR_PRA, I5-G37-TRAIN-2=\n\n\n^EOS\nHTGR_PRA, I5-G37-TRAIN1=\n\n\n^EOS\nHTGR_PRA, INT-DEP=\n\n\n^EOS\nHTGR_PRA, J-G158-TRAIN-1=\n\n\n^EOS\nHTGR_PRA, J-G158-TRAIN-2=\n\n\n^EOS\nHTGR_PRA, J1-G7-TRAIN-1=\n\n\n^EOS\nHTGR_PRA, J1-G7-TRAIN-2=\n\n\n^EOS\nHTGR_PRA, J2-G10-TRAIN-1=\n\n\n^EOS\nHTGR_PRA, J2-G10-TRAIN-2=\n\n\n^EOS\nHTGR_PRA, J3-G21-DEMINERALIZER-TRAIN-1=\n\n\n^EOS\nHTGR_PRA, J3-G21-DEMINERALIZER-TRAIN-2=\n\n\n^EOS\nHTGR_PRA, J3-G21-TRAIN-1=\n\n\n^EOS\nHTGR_PRA, J3-G21-TRAIN-2=\n\n\n^EOS\nHTGR_PRA, L1-G27-SCS-HTX=\n\n\n^EOS\nHTGR_PRA, LOOP-NO-MODULES-1=\n\n\n^EOS\nHTGR_PRA, LOOP-NO-MODULES-2=\n\n\n^EOS\nHTGR_PRA, LOOP-NO-MODULES-3=\n\n\n^EOS\nHTGR_PRA, LOOP-NO-MODULES-4=\n\n\n^EOS\nHTGR_PRA, LSD1=\n\n\n^EOS\nHTGR_PRA, LSD2=\n\n\n^EOS\nHTGR_PRA, LSD3=\n\n\n^EOS\nHTGR_PRA, LSD4=\n\n\n^EOS\nHTGR_PRA, LSD5=\n\n\n^EOS\nHTGR_PRA, MMD=\n\n\n^EOS\nHTGR_PRA, N-G25-DEMINERALIZER-TRAIN-2=\n\n\n^EOS\nHTGR_PRA, N-G25-DEMINERALIZER-TRAIN1=\n\n\n^EOS\nHTGR_PRA, N1-G26=\n\n\n^EOS\nHTGR_PRA, N1-G26-TRAIN-2=\n\n\n^EOS\nHTGR_PRA, N1-G26-TRAIN1=\n\n\n^EOS\nHTGR_PRA, NC1EPS-X-G200=\n\n\n^EOS\nHTGR_PRA, NSSS-G3="
    },
    "HTGR_Sample_Fault_Trees/_Subs/.FTA": {
      "size": 62612,
      "type": "text",
      "path": "HTGR_Sample_Fault_Trees/_Subs/.FTA",
      "data": "HTGR_PRA,RANDOM/CD=\n* Name                  , Level, Mission   , MinCut    , Def ProCut,Used ProCut,Sample,Seed,Siz,Sys,  Cuts,Events, UdValues,                                                                                                  Def Flags,               Used Flags,      S QMethod, S QPasses, R QMethod, R QPasses, Alt Name             , Type, Proj\nA-G2-SCS-HTS                                    , 1,  2.400E+001,  1.000E+000, +0.000E+000,  1.000E-015, -------, -----, --, , --------, -----, ------E----, ------E----, ------E----, ------E----, ------E----, ------E----, ------E----, ------E----, ------E----, , ,  ,    0, M,    0, A-G2-SCS-HTS                                    ,  , HTGR_PRA\nA-G2-SCS2-HTS2                                  , 1,  2.400E+001,  1.000E+000, +0.000E+000,  1.000E-015, -------, -----, --, , --------, -----, ------E----, ------E----, ------E----, ------E----, ------E----, ------E----, ------E----, ------E----, ------E----, , ,  ,    0, M,    0, A-G2-SCS2-HTS2                                  ,  , HTGR_PRA\nA-G4-SCS                                        , 1,  2.400E+001,  2.513E-002, +0.000E+000,  1.000E-015, -------, -----, --, , --------, -----, ------E----, ------E----, ------E----, ------E----, ------E----, ------E----, ------E----, ------E----, ------E----, , ,  ,    0, M,    0, A-G4-SCS                                        ,  , HTGR_PRA\nA-G4-SCS-4A                                     , 1,  2.400E+001,  2.510E-002, +0.000E+000,  1.000E-015, -------, -----, --, , --------, -----, ------E----, ------E----, ------E----, ------E----, ------E----, ------E----, ------E----, ------E----, ------E----, , ,  ,    0, M,    0, A-G4-SCS-4A                                     ,  , HTGR_PRA\nA-G4-SCS-4B                                     , 1,  2.400E+001,  2.510E-002, +0.000E+000,  1.000E-015, -------, -----, --, , --------, -----, ------E----, ------E----, ------E----, ------E----, ------E----, ------E----, ------E----, ------E----, ------E----, , ,  ,    0, M,    0, A-G4-SCS-4B                                     ,  , HTGR_PRA\nA-G4-SCS-4C                                     , 1,  2.400E+001,  2.510E-002, +0.000E+000,  1.000E-015, -------, -----, --, , --------, -----, ------E----, ------E----, ------E----, ------E----, ------E----, ------E----, ------E----, ------E----, ------E----, , ,  ,    0, M,    0, A-G4-SCS-4C                                     ,  , HTGR_PRA\nA-G4-SCS-4D                                     , 1,  2.400E+001,  2.471E-002, +0.000E+000,  1.000E-015, -------, -----, --, , --------, -----, ------E----, ------E----, ------E----, ------E----, ------E----, ------E----, ------E----, ------E----, ------E----, , ,  ,    0, M,    0, A-G4-SCS-4D                                     ,  , HTGR_PRA\nA-G5-HTS-TRAIN-1                                , 1,  2.400E+001,  7.105E-002, +0.000E+000,  1.000E-015, -------, -----, --, , --------, -----, ------E----, ------E----, ------E----, ------E----, ------E----, ------E----, ------E----, ------E----, ------E----, , ,  ,    0, M,    0, A-G5-HTS-TRAIN-1                                ,  , HTGR_PRA\nA-G5-HTS-TRAIN-2                                , 1,  2.400E+001,  7.105E-002, +0.000E+000,  1.000E-015, -------, -----, --, , --------, -----, ------E----, ------E----, ------E----, ------E----, ------E----, ------E----, ------E----, ------E----, ------E----, , ,  ,    0, M,    0, A-G5-HTS-TRAIN-2                                ,  , HTGR_PRA\nA1-G26-SCS                                      , 1,  2.400E+001,  2.892E-005, +0.000E+000,  1.000E-015, -------, -----, --, , --------, -----, ------E----, ------E----, ------E----, ------E----, ------E----, ------E----, ------E----, ------E----, ------E----, , ,  ,    0, M,    0, A1-G26-SCS                                      ,  , HTGR_PRA\nA1-G26-SCS-4A                                   , 1,  2.400E+001,  3.507E-006, +0.000E+000,  1.000E-015, -------, -----, --, , --------, -----, ------E----, ------E----, ------E----, ------E----, ------E----, ------E----, ------E----, ------E----, ------E----, , ,  ,    0, M,    0, A"
    },
    "HTGR_Sample_Fault_Trees/_Subs/.EGD": {
      "size": 281,
      "type": "text",
      "path": "HTGR_Sample_Fault_Trees/_Subs/.EGD",
      "data": "*Saphire 8.2.12 \nHTGR_PRA                                        =\n* Name                  , Description \nPROJECT                                         , Project Event Tree Group                                                                                                \n"
    },
    "HTGR_Sample_Fault_Trees/_Subs/.FAU": {
      "size": 244,
      "type": "text",
      "path": "HTGR_Sample_Fault_Trees/_Subs/.FAU",
      "data": "*Saphire 8.2.12 \n* Project Name          , LongName =  \nHTGR_PRA                                        ,  =\n* User Defined Name, User Defined Value \nAE, \nCompany, \nDesign, \nLocation, \nType, \nVendor, \nContainment, \nCharacteristic, \n"
    },
    "HTGR_Sample_Fault_Trees/_Subs/.MTD": {
      "size": 438,
      "type": "text",
      "path": "HTGR_Sample_Fault_Trees/_Subs/.MTD",
      "data": "*Saphire 8.2.12 \nHTGR_PRA                                        =\n* Num, Name                  , Suffix, Color,  Description                                                                                                                          \n1, RANDOM                                          , , 16155777, RANDOM FAILURE                                                                                                          \n"
    },
    "HTGR_Sample_Fault_Trees/_Subs/.FAA": {
      "size": 470,
      "type": "text",
      "path": "HTGR_Sample_Fault_Trees/_Subs/.FAA",
      "data": "HTGR_PRA,RANDOM/CD=\n*  Name                 , Mission   , NewSum    , Company  , Location       ,Typ, Design   ,Vendr, Arch Eng , OpDate   , QualDate, Alternate Name\nHTGR_PRA                                        ,  2.400E+001, ------E----,                               ,                               ,                               ,                               ,                               ,                               , ----/--/--, ----/--/--, HTGR_PRA\n"
    },
    "HTGR_Sample_Fault_Trees/_Subs/.GTD": {
      "size": 33976,
      "type": "text",
      "path": "HTGR_Sample_Fault_Trees/_Subs/.GTD",
      "data": "HTGR_PRA=\n*  Name                 , Description,        Project\n27A-SCS-HTX, HEAT EXCHANGER 'A' AND 'B' LEAKS, ,HTGR_PRA\n27B-SCS-HTX, HEAT EXCHANGER 'A' LEAKS WITH FAILURE TO ISOLATE, ,HTGR_PRA\n27C-SCS-HTX, HEAT EXCHANGER 'B' LEAKS WITH FAILURE TO ISOLATE, ,HTGR_PRA\nA-G2-SCS-HTS, SHUTDOWN COOLING SYSTEM FAILS TO START, ,HTGR_PRA\nA-G2-SCS2-HTS2, SHUTDOWN COOLING SYSTEM FAILS TO START, ,HTGR_PRA\nA-G2-SCS2-HTS20, SHUTDOWN COOLING SYSTEM FAILS TO START IN AT LEAST ONE MODULE, ,HTGR_PRA\nA-G4-SCS, SHUTDOWN COOLING SYSTEM CIRCULATOR FAILURE IN ONE MODULE, ,HTGR_PRA\nA-G4-SCS-4A, SHUTDOWN COOLING SYSTEM CIRCULATOR FAILURE IN ONE MODULE-4A, ,HTGR_PRA\nA-G4-SCS-4B, SHUTDOWN COOLING SYSTEM CIRCULATOR FAILURE IN ONE MODULE-4B, ,HTGR_PRA\nA-G4-SCS-4C, SHUTDOWN COOLING SYSTEM CIRCULATOR FAILURE IN ONE MODULE-4C, ,HTGR_PRA\nA-G4-SCS-4D, SHUTDOWN COOLING SYSTEM CIRCULATOR FAILURE IN ONE MODULE-4D, ,HTGR_PRA\nA-G5-HTS-TRAIN-1, ENERGY CONVERSION SYSTEM TRAIN 1 FAILURE, ,HTGR_PRA\nA-G5-HTS-TRAIN-142, , ,HTGR_PRA\nA-G5-HTS-TRAIN-143, , ,HTGR_PRA\nA-G5-HTS-TRAIN-15, STEAM GENERATOR OR PIPING FAILURE, ,HTGR_PRA\nA-G5-HTS-TRAIN-16, TURBINE TRIP WITH FAILURE TO BYPASS, ,HTGR_PRA\nA-G5-HTS-TRAIN-2, ENERGY CONVERSION SYSTEM TRAIN 2 FAILURE, ,HTGR_PRA\nA-G5-HTS-TRAIN-242, , ,HTGR_PRA\nA-G5-HTS-TRAIN-243, , ,HTGR_PRA\nA1-G26-SCS, SHUTDOWN CIRCULATOR MOTOR COOLING FAILURE, ,HTGR_PRA\nA1-G26-SCS-4A, SHUTDOWN CIRCULATOR MOTOR COOLING FAILURE-4A, ,HTGR_PRA\nA1-G26-SCS-4A2, CIRCULATOR MOTOR COOLER 'A' FAILS, ,HTGR_PRA\nA1-G26-SCS-4A3, STANDBY CIRCULATOR MOTOR COOLER 'B' FAILS, ,HTGR_PRA\nA1-G26-SCS-4A35, LEAKING COIL 'A' NOT ISOLATED, ,HTGR_PRA\nA1-G26-SCS-4A36, STANDBY COIL 'B' SPURIOUSLY ISOLATED, ,HTGR_PRA\nA1-G26-SCS-4B, SHUTDOWN CIRCULATOR MOTOR COOLING FAILURE-4B, ,HTGR_PRA\nA1-G26-SCS-4B2, CIRCULATOR MOTOR COOLER 'A' FAILS, ,HTGR_PRA\nA1-G26-SCS-4B3, STANDBY CIRCULATOR MOTOR COOLER 'B' FAILS, ,HTGR_PRA\nA1-G26-SCS-4B35, LEAKING COIL 'A' NOT ISOLATED, ,HTGR_PRA\nA1-G26-SCS-4B36, STANDBY COIL 'B' SPURIOUSLY ISOLATED, ,HTGR_PRA\nA1-G26-SCS-4C, SHUTDOWN CIRCULATOR MOTOR COOLING FAILURE-4C, ,HTGR_PRA\nA1-G26-SCS-4C2, CIRCULATOR MOTOR COOLER 'A' FAILS, ,HTGR_PRA\nA1-G26-SCS-4C3, STANDBY CIRCULATOR MOTOR COOLER 'B' FAILS, ,HTGR_PRA\nA1-G26-SCS-4C35, LEAKING COIL 'A' NOT ISOLATED, ,HTGR_PRA\nA1-G26-SCS-4C36, STANDBY COIL 'B' SPURIOUSLY ISOLATED, ,HTGR_PRA\nA1-G26-SCS-4D, SHUTDOWN CIRCULATOR MOTOR COOLING FAILURE-4D, ,HTGR_PRA\nA1-G26-SCS-4D2, CIRCULATOR MOTOR COOLER 'A' FAILS, ,HTGR_PRA\nA1-G26-SCS-4D3, STANDBY CIRCULATOR MOTOR COOLER 'B' FAILS, ,HTGR_PRA\nA1-G26-SCS-4D35, LEAKING COIL 'A' NOT ISOLATED, ,HTGR_PRA\nA1-G26-SCS-4D36, STANDBY COIL 'B' SPURIOUSLY ISOLATED, ,HTGR_PRA\nA1-G26-SCS1, , ,HTGR_PRA\nA1-G26-SCS2, , ,HTGR_PRA\nATWS-NO-MODULES-1, ATWS NUMBER OF MODULES 1, ,HTGR_PRA\nATWS-NO-MODULES-124-1, ATWS NO. OF MODULES EXPERIENCING EVENT, ,HTGR_PRA\nATWS-NO-MODULES-124-2, ATWS NO. OF MODULES EXPERIENCING EVENT, ,HTGR_PRA\nATWS-NO-MODULES-124-4, ATWS NO. OF MODULES EXPERIENCING EVENT, ,HTGR_PRA\nATWS-NO-MODULES-14, 1 MODULE, ,HTGR_PRA\nATWS-NO-MODULES-2, ATWS NUMBER OF MODULES 2, ,HTGR_PRA\nATWS-NO-MODULES-3, ATWS NUMBER OF MODULES 3, ,HTGR_PRA\nATWS-NO-MODULES-4, ATWS NUMBER OF MODULES 4, ,HTGR_PRA\nB-G10-SCS-HTS, SHUTDOWN COOLING SYSTEM FAILS TO OPERATE UNTIL HEAT TRANSPORT SYSTEM REPAIRED OR MISSION TIME COMPLETED, ,HTGR_PRA\nB-G10-SCS2-HTS-20, SHUTDOWN COOLING SYSTEM FAILS IN AT LEAST ONE MODULE, ,HTGR_PRA\nB-G10-SCS2-HTS2, SHUTDOWN COOLING SYSTEM FAILS TO OPERATE UNTIL HEAT TRANSPORT SYSTEM REPAIRED OR MISSION TIME COMPLETED, ,HTGR_PRA\nB-G6-SCS, LOSS OF COOLING TO MODULES, ,HTGR_PRA\nB1-G12A-SCS, NORMAL SERVICE WATER FAILURE, ,HTGR_PRA\nB3-SCS-PSW, LOSS OF SHUTDOWN SERVICE WATER PUMP 1, ,HTGR_PRA\nB4-G7-SCS, LOSS OF SERVICE WATER, ,HTGR_PRA\nB4-G7-SCS2121, LOSS OF SHUTDOWN SERVICE WATER PUMP 2, ,HTGR_PRA\nB4-G7-SCS2122, LOSS OF SHUTDOWN SERVICE WATER PUMP 3, ,HTGR_PRA\nB4-G7-SCS213, , ,HTGR_PRA\nC1E-UPS-G-G120, LOSS OF CLASS 1E 120 VAC UNINTERRUPTIBLE POWER, ,HTGR_PRA\nC1E-UPS-G-G1202, CHANNEL A DISTRIBUTION PANEL, ,HTGR_PRA\nC1E-UPS-G-G1203, CHANNEL B DISTRIBUTION PANEL, ,HTGR_PRA\nC1E-UPS-G-G120"
    },
    "HTGR_Sample_Fault_Trees/_Subs/.FAT": {
      "size": 20,
      "type": "text",
      "path": "HTGR_Sample_Fault_Trees/_Subs/.FAT",
      "data": "HTGR_PRA =\n\n\n\n\n"
    }
  },
  "metadata": {
    "total_files": 38,
    "errors": 0,
    "warnings": 0
  },
  "saphire_data": {
    "version": "1.0.0",
    "project": {
      "name": "\u0000\u0005\u0016\u0007\u0000\u0002\u0000\u0000Mac OS X        \u0000\u0002\u0000\u0000\u0000\t\u0000\u0000\u00002\u0000\u0000\u0000\ufffd\u0000\u0000\u0000\u0002\u0000\u0000\u0000\ufffd\u0000\u0000\u0000\u0000\u0000\u0000\u0000\u0000\u0000\u0000\u0000\u0000\u0000\u0000\u0000\u0000\u0000\u0000\u0000\u0000\u0000\u0000\u0000\u0000\u0000\u0000\u0000\u0000\u0000\u0000\u0000\u0000\u0000\u0000\u0000\u0000\u0000\u0000ATTR\u0000\u0000\u0000\u0000\u0000\u0000\u0000\ufffd\u0000\u0000\u0000\ufffd\u0000\u0000\u0000\u000e\u0000\u0000\u0000\u0000\u0000\u0000\u0000\u0000\u0000\u0000\u0000\u0000\u0000\u0000\u0000\u0002\u0000\u0000\u0000\ufffd\u0000\u0000\u0000\u000b\u0000\u0000\u0015com.apple.provenance\u0000\u0000\u0000\u0000\ufffd\u0000\u0000\u0000\u0003\u0000\u0000\u000fuser.DOSATTRIB\u0000\u0000\u0000\u0001\u0002\u0000\u0011\ufffd\ufffd\ufffd\ufffd\ufffd=\ufffd0x0",
      "description": ""
    },
    "fault_trees": [],
    "event_trees": [],
    "basic_events": [],
    "end_states": [],
    "source_files": {
      "/var/folders/39/xqydq7012358pjyj361gx77r0000gn/T/vyom_extract_553rwhsd/__MACOSX/HTGR_Sample_Fault_Trees/._.MARD": "__MACOSX/HTGR_Sample_Fault_Trees/._.MARD",
      "/var/folders/39/xqydq7012358pjyj361gx77r0000gn/T/vyom_extract_553rwhsd/__MACOSX/HTGR_Sample_Fault_Trees/_Subs/._.FAD": "__MACOSX/HTGR_Sample_Fault_Trees/_Subs/._.FAD",
      "/var/folders/39/xqydq7012358pjyj361gx77r0000gn/T/vyom_extract_553rwhsd/__MACOSX/HTGR_Sample_Fault_Trees/_Subs/._.FTL": "__MACOSX/HTGR_Sample_Fault_Trees/_Subs/._.FTL",
      "/var/folders/39/xqydq7012358pjyj361gx77r0000gn/T/vyom_extract_553rwhsd/__MACOSX/HTGR_Sample_Fault_Trees/_Subs/._.FTA": "__MACOSX/HTGR_Sample_Fault_Trees/_Subs/._.FTA",
      "/var/folders/39/xqydq7012358pjyj361gx77r0000gn/T/vyom_extract_553rwhsd/__MACOSX/HTGR_Sample_Fault_Trees/_Subs/._.FTD": "__MACOSX/HTGR_Sample_Fault_Trees/_Subs/._.FTD"
    }
  }
}